,player_id,player_name,now_cost,position,team,gw1,gw2,gw3,gw4,gw5,gw6,gw7,gw8,gw9,gw10,gw11,gw12
0,1,Raya,59,GKP,Arsenal,10.0,6.0,2.0,6.0,2.0,2.0,6.0,6.0,6.0,6.0,1.0,2
1,2,Arrizabalaga,42,GKP,Arsenal,0.0,0.0,0.0,0.0,0.0,0.0,0.0,0.0,0.0,0.0,0.0,0
2,3,Hein,40,GKP,Arsenal,0.0,0.0,0.0,0.0,0.0,0.0,0.0,0.0,0.0,0.0,0.0,0
3,4,Setford,40,GKP,Arsenal,0.0,0.0,0.0,0.0,0.0,0.0,0.0,0.0,0.0,0.0,0.0,0
4,5,Gabriel,64,DEF,Arsenal,6.0,6.0,2.0,9.0,2.0,13.0,9.0,12.0,9.0,12.0,1.0,0
5,6,Saliba,60,DEF,Arsenal,9.0,6.0,1.0,0.0,2.0,1.0,6.0,6.0,1.0,6.0,1.0,2
6,7,Calafiori,58,DEF,Arsenal,13.0,13.0,2.0,5.0,2.0,1.0,6.0,6.0,6.0,6.0,1.0,2
7,8,J.Timber,63,DEF,Arsenal,0.0,24.0,2.0,8.0,1.0,2.0,11.0,6.0,6.0,6.0,1.0,5
8,9,Kiwior,54,DEF,Arsenal,0.0,0.0,0.0,0.0,0.0,0.0,0.0,0.0,0.0,0.0,0.0,0
9,10,Lewis-Skelly,51,DEF,Arsenal,0.0,1.0,0.0,1.0,0.0,1.0,1.0,0.0,1.0,1.0,0.0,1
10,11,White,53,DEF,Arsenal,6.0,0.0,0.0,0.0,0.0,0.0,0.0,0.0,0.0,0.0,0.0,0
11,12,Zinchenko,49,DEF,Nott'm Forest,0.0,0.0,0.0,0.0,2.0,2.0,0.0,1.0,0.0,0.0,0.0,0
12,13,Clarke,38,DEF,Arsenal,0.0,0.0,0.0,0.0,0.0,0.0,0.0,0.0,0.0,0.0,0.0,0
13,14,Kacurri,39,DEF,Arsenal,0.0,0.0,0.0,0.0,0.0,0.0,0.0,0.0,0.0,0.0,0.0,0
14,15,Nichols,38,DEF,Arsenal,0.0,0.0,0.0,0.0,0.0,0.0,0.0,0.0,0.0,0.0,0.0,0
15,16,Saka,101,MID,Arsenal,3.0,6.0,0.0,0.0,1.0,2.0,8.0,7.0,3.0,3.0,12.0,4
16,17,Ødegaard,78,MID,Arsenal,5.0,1.0,1.0,1.0,0.0,4.0,1.0,0.0,0.0,0.0,0.0,0
17,18,Madueke,68,MID,Arsenal,1.0,3.0,2.0,3.0,1.0,0.0,0.0,0.0,0.0,0.0,0.0,1
18,19,Martinelli,68,MID,Arsenal,1.0,0.0,3.0,1.0,7.0,1.0,1.0,1.0,1.0,0.0,0.0,0
19,20,Trossard,69,MID,Arsenal,0.0,1.0,0.0,4.0,2.0,2.0,3.0,10.0,3.0,6.0,9.0,12
20,21,Rice,70,MID,Arsenal,6.0,6.0,4.0,1.0,3.0,9.0,11.0,3.0,7.0,13.0,2.0,6
21,22,Merino,59,MID,Arsenal,1.0,0.0,3.0,3.0,1.0,6.0,1.0,1.0,1.0,1.0,5.0,5
22,23,Fábio Vieira,54,MID,Arsenal,0.0,0.0,0.0,0.0,0.0,0.0,0.0,0.0,0.0,0.0,0.0,0
23,24,Nørgaard,52,MID,Arsenal,0.0,0.0,0.0,0.0,0.0,0.0,0.0,1.0,0.0,1.0,0.0,0
24,25,Nwaneri,51,MID,Arsenal,0.0,1.0,0.0,3.0,1.0,0.0,1.0,0.0,0.0,1.0,0.0,1
25,26,Zubimendi,54,MID,Arsenal,5.0,3.0,1.0,16.0,2.0,2.0,3.0,3.0,5.0,3.0,5.0,2
26,27,Nelson,48,MID,Brentford,0.0,0.0,0.0,0.0,0.0,0.0,0.0,0.0,0.0,1.0,1.0,0
27,28,Kabia,45,MID,Arsenal,0.0,0.0,0.0,0.0,0.0,0.0,0.0,0.0,0.0,0.0,0.0,0
28,29,Sambi,45,MID,Arsenal,0.0,0.0,0.0,0.0,0.0,0.0,0.0,0.0,0.0,0.0,0.0,0
29,30,Havertz,73,FWD,Arsenal,1.0,0.0,0.0,0.0,0.0,0.0,0.0,0.0,0.0,0.0,0.0,0
30,31,G.Jesus,64,FWD,Arsenal,0.0,0.0,0.0,0.0,0.0,0.0,0.0,0.0,0.0,0.0,0.0,0
31,32,Martinez,50,GKP,Aston Villa,0.0,2.0,0.0,6.0,3.0,3.0,1.0,2.0,8.0,1.0,14.0,3
32,33,M.Bizot,43,GKP,Aston Villa,7.0,0.0,0.0,0.0,0.0,0.0,0.0,0.0,0.0,0.0,0.0,0
33,34,Gauci,40,GKP,Aston Villa,0.0,0.0,0.0,0.0,0.0,0.0,0.0,0.0,0.0,0.0,0.0,0
34,35,Marschall,40,GKP,Aston Villa,0.0,0.0,0.0,0.0,0.0,0.0,0.0,0.0,0.0,0.0,0.0,0
35,36,Cash,46,DEF,Aston Villa,8.0,2.0,0.0,5.0,10.0,2.0,2.0,2.0,15.0,0.0,6.0,2
36,37,Digne,45,DEF,Aston Villa,6.0,2.0,1.0,5.0,1.0,5.0,1.0,5.0,6.0,1.0,9.0,1
37,38,Konsa,44,DEF,Aston Villa,3.0,0.0,1.0,6.0,2.0,2.0,2.0,2.0,8.0,1.0,6.0,2
38,39,Maatsen,42,DEF,Aston Villa,0.0,1.0,1.0,0.0,0.0,0.0,1.0,1.0,1.0,1.0,0.0,1
39,40,Mings,44,DEF,Aston Villa,6.0,2.0,1.0,9.0,4.0,1.0,0.0,0.0,0.0,1.0,0.0,0
40,41,Pau,43,DEF,Aston Villa,0.0,2.0,1.0,0.0,0.0,1.0,4.0,2.0,8.0,1.0,6.0,4
41,42,A.García,39,DEF,Aston Villa,0.0,0.0,0.0,0.0,0.0,0.0,0.0,0.0,0.0,0.0,0.0,0
42,43,Alex Moreno,40,DEF,Aston Villa,0.0,0.0,0.0,0.0,0.0,0.0,0.0,0.0,0.0,0.0,0.0,0
43,44,Bogarde,40,DEF,Aston Villa,0.0,0.0,1.0,9.0,1.0,2.0,2.0,0.0,0.0,0.0,1.0,1
44,45,Sousa,39,DEF,Aston Villa,0.0,0.0,0.0,0.0,0.0,0.0,0.0,0.0,0.0,0.0,0.0,0
45,46,Yasin,40,DEF,Aston Villa,0.0,0.0,0.0,0.0,0.0,0.0,0.0,0.0,0.0,0.0,0.0,0
46,47,Rogers,69,MID,Aston Villa,3.0,2.0,2.0,3.0,2.0,5.0,5.0,7.0,3.0,1.0,2.0,15
47,48,Tielemans,59,MID,Aston Villa,3.0,2.0,2.0,1.0,0.0,0.0,0.0,0.0,0.0,0.0,4.0,2
48,49,Bailey,55,MID,Aston Villa,0.0,0.0,0.0,0.0,0.0,0.0,0.0,0.0,0.0,0.0,0.0,0
49,50,Buendía,53,MID,Aston Villa,0.0,1.0,1.0,2.0,1.0,12.0,0.0,7.0,4.0,0.0,11.0,1
50,51,Iling Jr,55,MID,Aston Villa,0.0,0.0,0.0,0.0,0.0,0.0,0.0,0.0,0.0,0.0,0.0,0
51,52,J.Ramsey,53,MID,Newcastle,0.0,1.0,1.0,0.0,0.0,0.0,0.0,1.0,0.0,0.0,2.0,0
52,53,Malen,51,MID,Aston Villa,1.0,1.0,2.0,1.0,1.0,1.0,15.0,2.0,1.0,1.0,6.0,4
53,54,McGinn,54,MID,Aston Villa,3.0,2.0,2.0,3.0,2.0,6.0,3.0,2.0,3.0,1.0,3.0,1
54,55,Barkley,48,MID,Aston Villa,0.0,0.0,0.0,0.0,0.0,0.0,1.0,1.0,1.0,1.0,6.0,4
55,56,Barrenechea,50,MID,Aston Villa,0.0,0.0,0.0,0.0,0.0,0.0,0.0,0.0,0.0,0.0,0.0,0
56,57,Dobbin,50,MID,Aston Villa,0.0,0.0,0.0,0.0,0.0,0.0,0.0,0.0,0.0,0.0,0.0,0
57,58,Kamara,49,MID,Aston Villa,2.0,1.0,0.0,0.0,6.0,1.0,5.0,2.0,2.0,2.0,2.0,4
58,59,Onana,48,MID,Aston Villa,5.0,1.0,0.0,0.0,0.0,0.0,1.0,4.0,3.0,1.0,9.0,0
59,60,Broggio,45,MID,Aston Villa,0.0,0.0,0.0,0.0,0.0,0.0,0.0,0.0,0.0,0.0,0.0,0
60,61,Dendoncker,45,MID,Aston Villa,0.0,0.0,0.0,0.0,0.0,0.0,0.0,0.0,0.0,0.0,0.0,0
61,62,Jimoh-Aloba,45,MID,Aston Villa,0.0,0.0,0.0,0.0,0.0,0.0,0.0,0.0,0.0,0.0,0.0,0
62,63,Young,44,MID,Aston Villa,0.0,0.0,0.0,0.0,0.0,0.0,0.0,0.0,0.0,0.0,0.0,0
63,64,Watkins,85,FWD,Aston Villa,2.0,2.0,2.0,2.0,2.0,8.0,2.0,1.0,2.0,2.0,2.0,2
64,65,Redmond,45,FWD,Aston Villa,0.0,0.0,0.0,0.0,0.0,0.0,0.0,0.0,0.0,0.0,0.0,0
65,66,Neto,45,GKP,Bournemouth,0.0,0.0,0.0,0.0,0.0,0.0,0.0,0.0,0.0,0.0,0.0,0
66,67,Petrović,45,GKP,Bournemouth,2.0,6.0,5.0,2.0,6.0,3.0,3.0,2.0,8.0,2.0,1.0,1
67,68,Dennis,40,GKP,Bournemouth,0.0,0.0,0.0,0.0,0.0,0.0,0.0,0.0,0.0,0.0,0.0,0
68,69,McKenna,40,GKP,Bournemouth,0.0,0.0,0.0,0.0,0.0,0.0,0.0,0.0,0.0,0.0,0.0,0
69,70,Paulsen,40,GKP,Bournemouth,0.0,0.0,0.0,0.0,0.0,0.0,0.0,0.0,0.0,0.0,0.0,0
70,71,Zabarnyi,50,DEF,Bournemouth,0.0,0.0,0.0,0.0,0.0,0.0,0.0,0.0,0.0,0.0,0.0,0
71,72,Senesi,50,DEF,Bournemouth,2.0,9.0,14.0,3.0,9.0,7.0,2.0,2.0,5.0,3.0,2.0,3
72,73,Smith,44,DEF,Bournemouth,1.0,6.0,1.0,0.0,0.0,0.0,0.0,0.0,0.0,0.0,1.0,1
73,74,Truffert,45,DEF,Bournemouth,0.0,6.0,7.0,2.0,9.0,3.0,5.0,1.0,10.0,2.0,0.0,0
74,75,Akinmboni,39,DEF,Bournemouth,0.0,0.0,0.0,0.0,0.0,0.0,0.0,0.0,0.0,0.0,0.0,0
75,76,Bevan,39,DEF,Bournemouth,0.0,0.0,0.0,0.0,0.0,0.0,0.0,0.0,0.0,0.0,0.0,0
76,77,Hill,40,DEF,Bournemouth,1.0,1.0,5.0,2.0,1.0,0.0,6.0,1.0,0.0,0.0,0.0,0
77,78,J.Araujo,39,DEF,Bournemouth,0.0,0.0,0.0,0.0,0.0,0.0,0.0,0.0,0.0,0.0,0.0,0
78,79,Mepham,40,DEF,Bournemouth,0.0,0.0,0.0,0.0,0.0,0.0,0.0,0.0,0.0,0.0,0.0,0
79,80,Soler,40,DEF,Bournemouth,0.0,0.0,0.0,1.0,0.0,0.0,0.0,0.0,0.0,0.0,0.0,0
80,81,Kluivert,70,MID,Bournemouth,0.0,1.0,1.0,1.0,1.0,1.0,7.0,2.0,2.0,0.0,2.0,0
81,82,Semenyo,79,MID,Bournemouth,15.0,6.0,2.0,13.0,5.0,7.0,18.0,4.0,3.0,2.0,0.0,0
82,83,O.Dango,60,MID,Brentford,0.0,13.0,2.0,1.0,1.0,2.0,0.0,3.0,11.0,2.0,4.0,5
83,84,Tavernier,55,MID,Bournemouth,4.0,11.0,3.0,2.0,3.0,1.0,3.0,5.0,11.0,2.0,2.0,7
84,85,Adams,50,MID,Bournemouth,4.0,2.0,4.0,1.0,3.0,2.0,2.0,3.0,6.0,8.0,2.0,2
85,86,Brooks,50,MID,Bournemouth,4.0,3.0,4.0,1.0,3.0,1.0,2.0,0.0,0.0,2.0,1.0,1
86,87,Christie,50,MID,Bournemouth,0.0,1.0,1.0,0.0,1.0,4.0,1.0,5.0,1.0,1.0,1.0,1
87,88,Cook,49,MID,Bournemouth,0.0,0.0,0.0,1.0,0.0,0.0,0.0,1.0,1.0,1.0,1.0,4
88,89,Philip,49,MID,Bournemouth,0.0,0.0,0.0,0.0,0.0,0.0,0.0,0.0,0.0,0.0,0.0,0
89,90,Scott,50,MID,Bournemouth,2.0,2.0,3.0,9.0,3.0,1.0,4.0,2.0,3.0,5.0,2.0,1
90,91,Sinisterra,50,MID,Bournemouth,0.0,0.0,0.0,0.0,0.0,0.0,0.0,0.0,0.0,0.0,0.0,0
91,92,Faivre,45,MID,Bournemouth,0.0,0.0,0.0,0.0,0.0,0.0,0.0,0.0,0.0,0.0,0.0,0
92,93,H.Traorè,45,MID,Bournemouth,4.0,0.0,0.0,0.0,0.0,0.0,0.0,0.0,0.0,0.0,0.0,0
93,94,Sadi,45,MID,Bournemouth,0.0,0.0,0.0,0.0,0.0,0.0,0.0,0.0,0.0,0.0,0.0,0
94,95,Silcott-Duberry,44,MID,Bournemouth,0.0,0.0,0.0,0.0,0.0,0.0,0.0,0.0,0.0,0.0,0.0,0
95,96,Winterburn,45,MID,Bournemouth,1.0,0.0,0.0,0.0,0.0,0.0,0.0,0.0,0.0,0.0,0.0,0
96,97,Evanilson,70,FWD,Bournemouth,1.0,2.0,8.0,5.0,2.0,2.0,2.0,0.0,0.0,1.0,2.0,5
97,98,Enes Ünal,54,FWD,Bournemouth,0.0,0.0,0.0,0.0,0.0,0.0,0.0,0.0,1.0,0.0,0.0,6
98,99,Adu-Adjei,44,FWD,Bournemouth,0.0,0.0,0.0,0.0,0.0,0.0,0.0,0.0,0.0,0.0,0.0,0
99,100,Kroupi.Jr,46,FWD,Bournemouth,1.0,1.0,1.0,0.0,0.0,6.0,0.0,12.0,6.0,2.0,1.0,2
100,101,Kelleher,45,GKP,Brentford,1.0,5.0,1.0,2.0,1.0,8.0,3.0,6.0,2.0,1.0,2.0,2
101,102,Balcombe,40,GKP,Brentford,0.0,0.0,0.0,0.0,0.0,0.0,0.0,0.0,0.0,0.0,0.0,0
102,103,Cox,40,GKP,Brentford,0.0,0.0,0.0,0.0,0.0,0.0,0.0,0.0,0.0,0.0,0.0,0
103,104,Eyestone,39,GKP,Brentford,0.0,0.0,0.0,0.0,0.0,0.0,0.0,0.0,0.0,0.0,0.0,0
104,105,Valdimarsson,39,GKP,Brentford,0.0,0.0,0.0,0.0,0.0,0.0,0.0,0.0,0.0,0.0,0.0,0
105,106,Collins,49,DEF,Brentford,0.0,9.0,3.0,3.0,0.0,1.0,2.0,9.0,3.0,0.0,2.0,1
106,107,Lewis-Potter,48,DEF,Brentford,1.0,6.0,6.0,1.0,1.0,1.0,0.0,4.0,0.0,1.0,0.0,0
107,108,Ajer,44,DEF,Brentford,0.0,1.0,0.0,4.0,1.0,0.0,2.0,6.0,4.0,1.0,0.0,4
108,109,Henry,43,DEF,Brentford,1.0,1.0,-1.0,1.0,1.0,1.0,0.0,0.0,1.0,0.0,1.0,0
109,110,Kayode,45,DEF,Brentford,1.0,10.0,1.0,2.0,1.0,2.0,2.0,9.0,1.0,1.0,4.0,1
110,111,Pinnock,43,DEF,Brentford,0.0,0.0,0.0,1.0,-1.0,0.0,0.0,0.0,0.0,0.0,0.0,0
111,112,Roerslev,45,DEF,Brentford,0.0,0.0,0.0,0.0,0.0,0.0,0.0,0.0,0.0,0.0,0.0,0
112,113,Van den Berg,45,DEF,Brentford,3.0,8.0,3.0,1.0,1.0,2.0,2.0,6.0,3.0,3.0,2.0,3
113,114,Arthur,39,DEF,Brentford,0.0,0.0,0.0,0.0,0.0,0.0,0.0,0.0,0.0,0.0,0.0,0
114,115,Fredrick,40,DEF,Brentford,0.0,0.0,0.0,0.0,0.0,0.0,0.0,0.0,0.0,0.0,0.0,0
115,116,Hickey,40,DEF,Brentford,0.0,1.0,0.0,1.0,0.0,2.0,2.0,0.0,0.0,0.0,2.0,1
116,117,Ji-soo,39,DEF,Brentford,0.0,0.0,0.0,0.0,0.0,0.0,0.0,0.0,0.0,0.0,0.0,0
117,118,Meghoma,40,DEF,Brentford,0.0,0.0,0.0,0.0,0.0,0.0,0.0,0.0,0.0,0.0,0.0,0
118,119,Mbeumo,86,MID,Man Utd,2.0,2.0,10.0,2.0,3.0,2.0,6.0,9.0,15.0,2.0,7.0,1
119,120,Schade,70,MID,Brentford,1.0,3.0,0.0,7.0,2.0,4.0,1.0,6.0,7.0,1.0,8.0,2
120,121,Damsgaard,58,MID,Brentford,0.0,5.0,2.0,0.0,8.0,2.0,2.0,3.0,7.0,2.0,2.0,2
121,122,Milambo,52,MID,Brentford,1.0,0.0,0.0,0.0,0.0,0.0,0.0,0.0,0.0,0.0,0.0,0
122,123,Carvalho,48,MID,Brentford,2.0,0.0,1.0,7.0,1.0,0.0,1.0,0.0,0.0,1.0,0.0,0
123,124,Henderson,50,MID,Brentford,1.0,3.0,3.0,6.0,2.0,6.0,1.0,2.0,2.0,1.0,2.0,2
124,125,Janelt,49,MID,Brentford,0.0,0.0,0.0,0.0,1.0,1.0,1.0,1.0,4.0,1.0,1.0,0
125,126,Jensen,49,MID,Brentford,2.0,1.0,0.0,2.0,0.0,6.0,1.0,6.0,1.0,1.0,1.0,1
126,127,Nunes,49,MID,Brentford,0.0,0.0,0.0,0.0,0.0,0.0,0.0,0.0,0.0,0.0,0.0,0
127,128,Onyeka,49,MID,Brentford,4.0,1.0,4.0,0.0,0.0,1.0,1.0,0.0,1.0,0.0,0.0,0
128,129,Yarmoliuk,50,MID,Brentford,2.0,5.0,2.0,3.0,2.0,7.0,2.0,3.0,1.0,2.0,4.0,2
129,130,Donovan,45,MID,Brentford,0.0,0.0,0.0,0.0,0.0,0.0,0.0,0.0,0.0,0.0,0.0,0
130,131,Konak,44,MID,Brentford,0.0,0.0,0.0,0.0,0.0,0.0,0.0,0.0,0.0,0.0,0.0,0
131,132,Maghoma,45,MID,Brentford,0.0,0.0,0.0,0.0,0.0,0.0,0.0,0.0,0.0,0.0,0.0,0
132,133,Peart-Harris,44,MID,Brentford,0.0,0.0,0.0,0.0,0.0,0.0,0.0,0.0,0.0,0.0,0.0,0
133,134,Trevitt,45,MID,Brentford,0.0,0.0,0.0,0.0,0.0,0.0,0.0,0.0,0.0,0.0,0.0,0
134,135,Wissa,73,FWD,Newcastle,0.0,0.0,0.0,0.0,0.0,0.0,0.0,0.0,0.0,0.0,0.0,0
135,136,Thiago,66,FWD,Brentford,6.0,2.0,6.0,1.0,2.0,13.0,2.0,8.0,5.0,2.0,13.0,4
136,137,Morgan,44,FWD,Brentford,0.0,0.0,0.0,0.0,0.0,0.0,0.0,0.0,0.0,0.0,0.0,0
137,138,Steele,43,GKP,Brighton,0.0,0.0,0.0,0.0,0.0,0.0,0.0,0.0,0.0,0.0,0.0,0
138,139,Verbruggen,44,GKP,Brighton,2.0,1.0,2.0,2.0,1.0,2.0,1.0,2.0,1.0,6.0,6.0,7
139,140,McGill,40,GKP,Brighton,0.0,0.0,0.0,0.0,0.0,0.0,0.0,0.0,0.0,0.0,0.0,0
140,141,Rushworth,40,GKP,Brighton,0.0,0.0,0.0,0.0,0.0,0.0,0.0,0.0,0.0,0.0,0.0,0
141,142,Scherpen,40,GKP,Brighton,0.0,0.0,0.0,0.0,0.0,0.0,0.0,0.0,0.0,0.0,0.0,0
142,143,Boscagli,42,DEF,Brighton,0.0,0.0,0.0,0.0,0.0,0.0,0.0,0.0,0.0,0.0,0.0,0
143,144,Coppola,43,DEF,Brighton,0.0,0.0,1.0,0.0,1.0,0.0,0.0,1.0,0.0,0.0,0.0,0
144,145,De Cuyper,43,DEF,Brighton,2.0,0.0,2.0,1.0,0.0,8.0,1.0,1.0,0.0,0.0,1.0,1
145,146,Dunk,45,DEF,Brighton,2.0,1.0,5.0,2.0,3.0,1.0,1.0,2.0,0.0,6.0,6.0,1
146,147,Estupiñan,45,DEF,Brighton,0.0,0.0,0.0,0.0,0.0,0.0,0.0,0.0,0.0,0.0,0.0,0
147,148,F.Kadıoğlu,44,DEF,Brighton,0.0,0.0,0.0,4.0,1.0,2.0,2.0,2.0,-1.0,6.0,6.0,2
148,149,Igor,45,DEF,West Ham,0.0,0.0,0.0,0.0,0.0,1.0,0.0,0.0,0.0,1.0,1.0,3
149,150,Lamptey,44,DEF,Brighton,0.0,0.0,0.0,0.0,0.0,0.0,0.0,0.0,0.0,0.0,0.0,0
150,151,Van Hecke,44,DEF,Brighton,2.0,1.0,1.0,3.0,1.0,3.0,11.0,4.0,2.0,7.0,5.0,2
151,152,Veltman,43,DEF,Brighton,0.0,0.0,1.0,3.0,3.0,0.0,0.0,0.0,0.0,0.0,0.0,1
152,153,Webster,44,DEF,Brighton,0.0,0.0,0.0,0.0,0.0,0.0,0.0,0.0,0.0,0.0,0.0,0
153,154,Cashin,40,DEF,Brighton,0.0,0.0,0.0,0.0,0.0,0.0,0.0,0.0,0.0,0.0,0.0,0
154,155,Slater,40,DEF,Brighton,0.0,0.0,0.0,0.0,0.0,0.0,0.0,0.0,0.0,0.0,0.0,0
155,156,Tasker,39,DEF,Brighton,0.0,0.0,0.0,0.0,0.0,0.0,0.0,0.0,0.0,0.0,0.0,0
156,157,Mitoma,61,MID,Brighton,2.0,2.0,5.0,7.0,2.0,2.0,0.0,0.0,0.0,0.0,0.0,0
157,158,Georginio,57,MID,Brighton,6.0,0.0,1.0,1.0,5.0,2.0,1.0,7.0,2.0,3.0,2.0,2
158,159,March,58,MID,Brighton,0.0,0.0,0.0,0.0,0.0,0.0,0.0,0.0,0.0,0.0,0.0,0
159,160,Minteh,62,MID,Brighton,3.0,2.0,4.0,6.0,9.0,5.0,2.0,2.0,5.0,9.0,3.0,11
160,161,Enciso,54,MID,Brighton,0.0,0.0,0.0,0.0,0.0,0.0,0.0,0.0,0.0,0.0,0.0,0
161,162,Gruda,54,MID,Brighton,1.0,1.0,8.0,1.0,2.0,4.0,2.0,0.0,0.0,0.0,0.0,0
162,163,Hinshelwood,51,MID,Brighton,0.0,1.0,2.0,1.0,0.0,0.0,0.0,0.0,0.0,0.0,0.0,7
163,164,O'Riley,55,MID,Brighton,10.0,2.0,0.0,0.0,0.0,0.0,0.0,0.0,0.0,0.0,0.0,0
164,165,Sima,54,MID,Brighton,0.0,0.0,0.0,0.0,0.0,0.0,0.0,0.0,0.0,0.0,0.0,0
165,166,Ayari,49,MID,Brighton,3.0,2.0,1.0,2.0,8.0,2.0,2.0,2.0,1.0,3.0,3.0,4
166,167,Baleba,47,MID,Brighton,3.0,1.0,1.0,0.0,1.0,2.0,0.0,3.0,0.0,3.0,2.0,1
167,168,Buonanotte,47,MID,Chelsea,0.0,0.0,0.0,1.0,0.0,0.0,0.0,0.0,0.0,0.0,0.0,0
168,169,Gomez,49,MID,Brighton,0.0,1.0,2.0,0.0,0.0,2.0,2.0,1.0,1.0,16.0,3.0,1
169,170,Milner,49,MID,Brighton,1.0,0.0,6.0,1.0,1.0,0.0,1.0,1.0,4.0,0.0,0.0,0
170,171,Sarmiento,49,MID,Brighton,0.0,0.0,0.0,0.0,0.0,0.0,0.0,0.0,0.0,0.0,0.0,0
171,172,Watson,48,MID,Brighton,0.0,0.0,0.0,0.0,0.0,0.0,0.0,0.0,1.0,1.0,0.0,0
172,173,Wieffer,49,MID,Brighton,4.0,3.0,0.0,0.0,1.0,3.0,1.0,7.0,4.0,10.0,3.0,4
173,174,Yalcouye,50,MID,Brighton,0.0,0.0,0.0,0.0,0.0,0.0,0.0,0.0,0.0,0.0,0.0,0
174,175,Knight,45,MID,Brighton,0.0,0.0,0.0,0.0,0.0,0.0,0.0,0.0,0.0,1.0,0.0,0
175,176,Mazilu,45,MID,Brighton,0.0,0.0,0.0,0.0,0.0,0.0,0.0,0.0,0.0,0.0,0.0,0
176,177,Moran,45,MID,Brighton,0.0,0.0,0.0,0.0,0.0,0.0,0.0,0.0,0.0,0.0,0.0,0
177,178,Welbeck,66,FWD,Brighton,1.0,0.0,2.0,2.0,1.0,11.0,1.0,13.0,6.0,6.0,2.0,8
178,179,Ferguson,55,FWD,Brighton,0.0,0.0,0.0,0.0,0.0,0.0,0.0,0.0,0.0,0.0,0.0,0
179,180,Tzimas,53,FWD,Brighton,0.0,0.0,0.0,1.0,0.0,1.0,4.0,1.0,1.0,1.0,1.0,0
180,181,Kostoulas,48,FWD,Brighton,0.0,0.0,0.0,0.0,0.0,0.0,0.0,1.0,5.0,1.0,1.0,0
181,182,Trafford,46,GKP,Man City,7.0,2.0,2.0,0.0,0.0,0.0,0.0,0.0,0.0,0.0,0.0,0
182,183,Weiss,43,GKP,Burnley,0.0,0.0,0.0,0.0,0.0,0.0,0.0,0.0,0.0,0.0,0.0,0
183,184,Green,40,GKP,Burnley,0.0,0.0,0.0,0.0,0.0,0.0,0.0,0.0,0.0,0.0,0.0,0
184,185,Hladký,39,GKP,Burnley,0.0,0.0,0.0,0.0,0.0,0.0,0.0,0.0,0.0,0.0,0.0,0
185,186,Roberts,44,DEF,Burnley,0.0,0.0,0.0,0.0,0.0,0.0,0.0,0.0,0.0,0.0,0.0,0
186,187,Walker,44,DEF,Burnley,1.0,6.0,0.0,2.0,2.0,-1.0,1.0,14.0,3.0,1.0,0.0,0
187,188,Delcroix,38,DEF,Burnley,0.0,0.0,0.0,0.0,0.0,0.0,0.0,0.0,0.0,0.0,0.0,0
188,189,Dodgson,40,DEF,Burnley,0.0,0.0,0.0,0.0,0.0,0.0,0.0,0.0,0.0,0.0,0.0,0
189,190,Ekdal,40,DEF,Burnley,1.0,9.0,3.0,4.0,2.0,0.0,0.0,0.0,1.0,0.0,0.0,0
190,191,Estève,39,DEF,Burnley,1.0,6.0,1.0,4.0,4.0,-2.0,1.0,8.0,1.0,1.0,3.0,3
191,192,Hartman,40,DEF,Burnley,1.0,6.0,1.0,4.0,2.0,3.0,4.0,6.0,7.0,1.0,1.0,1
192,193,Humphreys,40,DEF,Burnley,0.0,0.0,0.0,0.0,0.0,0.0,0.0,0.0,0.0,0.0,0.0,0
193,194,Jordan,40,DEF,Burnley,0.0,0.0,0.0,0.0,0.0,0.0,0.0,0.0,0.0,0.0,0.0,0
194,195,Lucas Pires,38,DEF,Burnley,0.0,0.0,0.0,0.0,0.0,0.0,0.0,0.0,0.0,0.0,1.0,0
195,196,Sambo,40,DEF,Burnley,0.0,0.0,0.0,0.0,0.0,0.0,0.0,0.0,0.0,0.0,0.0,0
196,197,Sonne,39,DEF,Burnley,1.0,1.0,1.0,0.0,0.0,0.0,0.0,0.0,0.0,0.0,0.0,0
197,198,Tuanzebe,39,DEF,Burnley,0.0,0.0,0.0,0.0,0.0,0.0,1.0,8.0,1.0,3.0,3.0,1
198,199,Worrall,39,DEF,Burnley,0.0,1.0,1.0,1.0,0.0,0.0,1.0,0.0,0.0,0.0,0.0,0
199,200,Anthony,55,MID,Burnley,2.0,13.0,6.0,3.0,10.0,6.0,1.0,2.0,2.0,2.0,2.0,2
200,201,Benson,54,MID,Burnley,0.0,0.0,0.0,0.0,0.0,0.0,0.0,0.0,0.0,0.0,0.0,0
201,202,Bruun Larsen,53,MID,Burnley,1.0,3.0,5.0,0.0,0.0,1.0,1.0,1.0,2.0,1.0,1.0,1
202,203,Boateng,48,MID,Burnley,0.0,0.0,0.0,0.0,0.0,0.0,0.0,0.0,0.0,0.0,0.0,0
203,204,Churlinov,49,MID,Burnley,0.0,0.0,0.0,0.0,0.0,0.0,0.0,0.0,0.0,0.0,0.0,0
204,205,Cullen,50,MID,Burnley,4.0,14.0,2.0,3.0,4.0,4.0,6.0,3.0,2.0,1.0,10.0,2
205,206,Edwards,47,MID,Burnley,1.0,0.0,0.0,0.0,0.0,0.0,0.0,0.0,0.0,1.0,1.0,0
206,207,Hannibal,48,MID,Burnley,2.0,5.0,2.0,1.0,1.0,1.0,0.0,0.0,4.0,1.0,4.0,0
207,208,Koleosho,50,MID,Burnley,0.0,0.0,0.0,0.0,0.0,0.0,0.0,0.0,0.0,0.0,0.0,0
208,209,Laurent,49,MID,Burnley,2.0,1.0,0.0,2.0,2.0,2.0,2.0,1.0,1.0,2.0,0.0,1
209,210,Tchaouna,49,MID,Burnley,1.0,1.0,3.0,3.0,2.0,2.0,1.0,6.0,0.0,1.0,2.0,2
210,211,A.Ramsey,44,MID,Burnley,0.0,0.0,0.0,0.0,0.0,0.0,0.0,0.0,0.0,0.0,0.0,0
211,212,Adewumi,45,MID,Burnley,0.0,0.0,0.0,0.0,0.0,0.0,0.0,0.0,0.0,0.0,0.0,0
212,213,Banel,45,MID,Burnley,0.0,0.0,0.0,0.0,0.0,0.0,0.0,0.0,0.0,0.0,0.0,0
213,214,Trésor,44,MID,Burnley,0.0,0.0,0.0,0.0,0.0,0.0,0.0,0.0,0.0,0.0,0.0,0
214,215,Flemming,53,FWD,Burnley,1.0,1.0,0.0,0.0,1.0,0.0,1.0,2.0,13.0,1.0,5.0,2
215,216,Amdouni,48,FWD,Burnley,0.0,0.0,0.0,0.0,0.0,0.0,0.0,0.0,0.0,0.0,0.0,0
216,217,Foster,50,FWD,Burnley,2.0,2.0,6.0,2.0,6.0,2.0,1.0,0.0,7.0,0.0,0.0,1
217,218,Barnes,43,FWD,Burnley,0.0,0.0,0.0,0.0,0.0,0.0,0.0,1.0,0.0,0.0,0.0,0
218,219,Obafemi,44,FWD,Burnley,0.0,0.0,0.0,0.0,0.0,0.0,0.0,0.0,0.0,0.0,0.0,0
219,220,Sánchez,48,GKP,Chelsea,8.0,3.0,6.0,2.0,-3.0,1.0,2.0,5.0,1.0,6.0,6.0,6
220,221,Jörgensen,43,GKP,Chelsea,0.0,0.0,0.0,0.0,1.0,0.0,0.0,0.0,0.0,0.0,0.0,0
221,222,Penders,40,GKP,Chelsea,0.0,0.0,0.0,0.0,0.0,0.0,0.0,0.0,0.0,0.0,0.0,0
222,223,Slonina,39,GKP,Chelsea,0.0,0.0,0.0,0.0,0.0,0.0,0.0,0.0,0.0,0.0,0.0,0
223,224,Cucurella,61,DEF,Chelsea,8.0,5.0,6.0,1.0,0.0,0.0,7.0,8.0,1.0,7.0,6.0,6
224,225,James,56,DEF,Chelsea,5.0,1.0,1.0,1.0,4.0,3.0,4.0,18.0,1.0,7.0,1.0,1
225,226,Chalobah,51,DEF,Chelsea,6.0,8.0,13.0,3.0,8.0,-3.0,0.0,6.0,1.0,7.0,6.0,6
226,227,Colwill,48,DEF,Chelsea,0.0,0.0,0.0,0.0,0.0,0.0,0.0,0.0,0.0,0.0,0.0,0
227,228,Gusto,49,DEF,Chelsea,1.0,2.0,6.0,0.0,1.0,0.0,5.0,3.0,0.0,6.0,15.0,1
228,229,B.Badiashile,44,DEF,Chelsea,0.0,0.0,0.0,0.0,0.0,-1.0,1.0,0.0,0.0,0.0,0.0,0
229,230,Fofana,44,DEF,Chelsea,0.0,1.0,0.0,1.0,1.0,0.0,0.0,0.0,0.0,6.0,6.0,0
230,231,M.Sarr,45,DEF,Chelsea,0.0,0.0,0.0,0.0,0.0,0.0,0.0,0.0,0.0,0.0,0.0,0
231,232,Tosin,42,DEF,Chelsea,0.0,2.0,8.0,1.0,0.0,0.0,0.0,1.0,1.0,1.0,0.0,10
232,233,Acheampong,39,DEF,Chelsea,9.0,0.0,0.0,0.0,0.0,0.0,2.0,14.0,2.0,0.0,0.0,0
233,234,Anselmino,40,DEF,Chelsea,0.0,0.0,0.0,0.0,0.0,0.0,0.0,0.0,0.0,0.0,0.0,0
234,235,Palmer,103,MID,Chelsea,3.0,0.0,0.0,7.0,1.0,0.0,0.0,0.0,0.0,0.0,0.0,0
235,236,Neto,71,MID,Chelsea,3.0,7.0,3.0,2.0,1.0,2.0,2.0,12.0,8.0,3.0,9.0,8
236,237,Enzo,67,MID,Chelsea,3.0,10.0,12.0,4.0,1.0,9.0,2.0,0.0,2.0,2.0,3.0,11
237,238,Estêvão,65,MID,Chelsea,0.0,5.0,3.0,0.0,1.0,3.0,8.0,3.0,1.0,1.0,4.0,0
238,239,Gittens,61,MID,Chelsea,1.0,1.0,1.0,1.0,0.0,0.0,1.0,1.0,1.0,1.0,1.0,6
239,240,Nkunku,59,MID,Chelsea,0.0,0.0,0.0,0.0,0.0,0.0,0.0,0.0,0.0,0.0,0.0,0
240,241,Caicedo,60,MID,Chelsea,5.0,8.0,4.0,12.0,4.0,2.0,10.0,1.0,2.0,10.0,2.0,0
241,242,Dewsbury-Hall,49,MID,Everton,2.0,2.0,12.0,2.0,1.0,1.0,0.0,2.0,2.0,2.0,9.0,13
242,243,George,49,MID,Chelsea,0.0,0.0,3.0,0.0,0.0,0.0,0.0,0.0,1.0,0.0,0.0,0
243,244,Lavia,49,MID,Chelsea,0.0,0.0,0.0,0.0,0.0,1.0,1.0,1.0,0.0,1.0,0.0,0
244,245,Mudryk,49,MID,Chelsea,0.0,0.0,0.0,0.0,0.0,0.0,0.0,0.0,0.0,0.0,0.0,0
245,246,Andrey Santos,45,MID,Chelsea,1.0,1.0,0.0,0.0,2.0,1.0,0.0,1.0,0.0,0.0,1.0,5
246,247,D.Essugo,43,MID,Chelsea,0.0,0.0,0.0,0.0,0.0,0.0,0.0,0.0,0.0,0.0,0.0,0
247,248,Paez,45,MID,Chelsea,0.0,0.0,0.0,0.0,0.0,0.0,0.0,0.0,0.0,0.0,0.0,0
248,249,João Pedro,75,FWD,Chelsea,2.0,15.0,9.0,7.0,2.0,2.0,2.0,2.0,2.0,9.0,7.0,1
249,250,Delap,62,FWD,Chelsea,1.0,2.0,1.0,0.0,0.0,0.0,0.0,0.0,0.0,0.0,2.0,2
250,251,N.Jackson,65,FWD,Chelsea,0.0,0.0,0.0,0.0,0.0,0.0,0.0,0.0,0.0,0.0,0.0,0
251,252,Marc Guiu,42,FWD,Chelsea,0.0,1.0,1.0,0.0,0.0,0.0,1.0,1.0,2.0,0.0,1.0,4
252,253,Henderson,50,GKP,Crystal Palace,6.0,2.0,7.0,6.0,1.0,3.0,2.0,1.0,2.0,6.0,9.0,6
253,254,Benitez,40,GKP,Crystal Palace,0.0,0.0,0.0,0.0,0.0,0.0,0.0,0.0,0.0,0.0,0.0,0
254,255,Matthews,39,GKP,Crystal Palace,0.0,0.0,0.0,0.0,0.0,0.0,0.0,0.0,0.0,0.0,0.0,0
255,256,Muñoz,59,DEF,Crystal Palace,5.0,5.0,9.0,5.0,2.0,2.0,8.0,10.0,2.0,6.0,6.0,14
256,257,Lacroix,50,DEF,Crystal Palace,8.0,3.0,11.0,6.0,2.0,4.0,3.0,1.0,4.0,8.0,6.0,11
257,258,Mitchell,50,DEF,Crystal Palace,9.0,1.0,6.0,6.0,8.0,4.0,1.0,1.0,2.0,6.0,11.0,6
258,259,Sosa,48,DEF,Crystal Palace,0.0,0.0,0.0,0.0,0.0,0.0,0.0,0.0,1.0,0.0,0.0,0
259,260,Guéhi,51,DEF,Crystal Palace,6.0,2.0,15.0,6.0,7.0,7.0,3.0,4.0,4.0,10.0,0.0,5
260,261,Richards,46,DEF,Crystal Palace,6.0,2.0,8.0,6.0,4.0,4.0,3.0,3.0,2.0,6.0,8.0,6
261,262,Chadi Riad,40,DEF,Crystal Palace,0.0,0.0,0.0,0.0,0.0,0.0,0.0,0.0,0.0,0.0,0.0,0
262,263,Clyne,38,DEF,Crystal Palace,0.0,0.0,1.0,0.0,0.0,0.0,0.0,0.0,0.0,0.0,0.0,0
263,264,Holding,40,DEF,Crystal Palace,0.0,0.0,0.0,0.0,0.0,0.0,0.0,0.0,0.0,0.0,0.0,0
264,265,Kporha,40,DEF,Crystal Palace,0.0,0.0,0.0,0.0,0.0,0.0,0.0,0.0,0.0,0.0,0.0,0
265,266,Eze,77,MID,Arsenal,3.0,0.0,1.0,6.0,4.0,2.0,6.0,3.0,11.0,3.0,2.0,20
266,267,Sarr,67,MID,Crystal Palace,3.0,8.0,7.0,0.0,0.0,11.0,7.0,2.0,2.0,3.0,3.0,3
267,268,Doucouré,49,MID,Crystal Palace,0.0,0.0,0.0,0.0,0.0,0.0,0.0,0.0,0.0,0.0,0.0,0
268,269,Esse,47,MID,Crystal Palace,0.0,1.0,0.0,0.0,0.0,0.0,0.0,0.0,0.0,0.0,0.0,0
269,270,Hughes,48,MID,Crystal Palace,2.0,1.0,2.0,3.0,2.0,1.0,0.0,0.0,1.0,1.0,1.0,1
270,271,Kamada,50,MID,Crystal Palace,0.0,0.0,6.0,3.0,2.0,5.0,4.0,2.0,2.0,5.0,3.0,3
271,272,Lerma,49,MID,Crystal Palace,1.0,1.0,1.0,3.0,0.0,1.0,1.0,0.0,1.0,10.0,2.0,1
272,273,Wharton,50,MID,Crystal Palace,3.0,2.0,1.0,0.0,7.0,3.0,3.0,2.0,2.0,0.0,3.0,6
273,274,Agbinone,44,MID,Crystal Palace,0.0,0.0,0.0,0.0,0.0,0.0,0.0,0.0,0.0,0.0,0.0,0
274,275,Ahamada,44,MID,Crystal Palace,0.0,0.0,0.0,0.0,0.0,0.0,0.0,0.0,0.0,0.0,0.0,0
275,276,Devenny,43,MID,Crystal Palace,1.0,2.0,1.0,1.0,1.0,1.0,1.0,0.0,0.0,1.0,0.0,1
276,277,Ebiowei,45,MID,Crystal Palace,0.0,0.0,0.0,0.0,0.0,0.0,0.0,0.0,0.0,0.0,0.0,0
277,278,J.Rak-Sakyi,44,MID,Crystal Palace,0.0,0.0,0.0,0.0,0.0,0.0,0.0,0.0,0.0,0.0,0.0,0
278,279,M.França,45,MID,Crystal Palace,0.0,0.0,0.0,0.0,0.0,0.0,0.0,0.0,0.0,0.0,0.0,0
279,280,Ozoh,45,MID,Crystal Palace,0.0,0.0,0.0,0.0,0.0,0.0,0.0,0.0,0.0,0.0,0.0,0
280,281,Rodney,45,MID,Crystal Palace,0.0,0.0,0.0,0.0,0.0,0.0,0.0,0.0,0.0,0.0,0.0,0
281,282,Umeh,45,MID,Crystal Palace,0.0,0.0,0.0,0.0,0.0,0.0,0.0,0.0,0.0,0.0,0.0,0
282,283,Mateta,81,FWD,Crystal Palace,1.0,2.0,5.0,2.0,6.0,2.0,2.0,17.0,2.0,9.0,2.0,1
283,284,Nketiah,54,FWD,Crystal Palace,0.0,0.0,0.0,0.0,1.0,4.0,1.0,1.0,1.0,0.0,0.0,1
284,285,Édouard,50,FWD,Crystal Palace,0.0,1.0,0.0,0.0,0.0,0.0,0.0,0.0,0.0,0.0,0.0,0
285,286,Marsh,45,FWD,Crystal Palace,0.0,0.0,0.0,0.0,0.0,0.0,0.0,0.0,0.0,0.0,0.0,0
286,287,Pickford,55,GKP,Everton,2.0,15.0,1.0,6.0,1.0,2.0,3.0,2.0,1.0,2.0,7.0,10
287,288,Travers,44,GKP,Everton,0.0,0.0,0.0,0.0,0.0,0.0,0.0,0.0,0.0,0.0,0.0,0
288,289,Tyrer,39,GKP,Everton,0.0,0.0,0.0,0.0,0.0,0.0,0.0,0.0,0.0,0.0,0.0,0
289,290,Branthwaite,53,DEF,Everton,0.0,0.0,0.0,0.0,0.0,0.0,0.0,0.0,0.0,0.0,0.0,0
290,291,Tarkowski,54,DEF,Everton,4.0,8.0,3.0,8.0,3.0,1.0,5.0,3.0,1.0,2.0,5.0,8
291,292,Mykolenko,49,DEF,Everton,0.0,0.0,1.0,0.0,1.0,1.0,4.0,1.0,1.0,2.0,6.0,9
292,293,O'Brien,49,DEF,Everton,2.0,6.0,1.0,6.0,1.0,2.0,5.0,1.0,1.0,2.0,1.0,6
293,294,Coleman,43,DEF,Everton,0.0,0.0,1.0,0.0,0.0,0.0,1.0,0.0,0.0,0.0,0.0,1
294,295,Keane,45,DEF,Everton,2.0,8.0,3.0,6.0,1.0,11.0,4.0,1.0,1.0,4.0,15.0,9
295,296,Patterson,44,DEF,Everton,0.0,0.0,0.0,0.0,0.0,0.0,0.0,0.0,0.0,0.0,0.0,0
296,297,Dixon,39,DEF,Everton,0.0,0.0,0.0,0.0,0.0,0.0,0.0,0.0,0.0,0.0,0.0,0
297,298,Welch,39,DEF,Everton,0.0,0.0,0.0,0.0,0.0,0.0,0.0,0.0,0.0,0.0,0.0,0
298,299,Ndiaye,66,MID,Everton,2.0,8.0,7.0,5.0,6.0,2.0,7.0,4.0,2.0,9.0,3.0,3
299,300,McNeil,55,MID,Everton,0.0,1.0,0.0,0.0,0.0,0.0,0.0,1.0,0.0,1.0,0.0,1
300,301,Alcaraz,52,MID,Everton,1.0,1.0,1.0,0.0,1.0,0.0,1.0,2.0,1.0,0.0,0.0,1
301,302,Gana,54,MID,Everton,2.0,3.0,2.0,3.0,10.0,2.0,2.0,2.0,2.0,4.0,10.0,-2
302,303,Garner,50,MID,Everton,2.0,10.0,4.0,5.0,4.0,7.0,1.0,3.0,1.0,2.0,3.0,6
303,304,Iroegbunam,49,MID,Everton,2.0,2.0,1.0,2.0,0.0,0.0,4.0,1.0,0.0,1.0,5.0,1
304,305,Armstrong,45,MID,Everton,0.0,1.0,0.0,0.0,0.0,0.0,0.0,0.0,0.0,0.0,0.0,0
305,306,Bates,44,MID,Everton,0.0,0.0,0.0,0.0,0.0,0.0,0.0,0.0,0.0,0.0,0.0,0
306,307,Ebere,44,MID,Everton,0.0,0.0,0.0,0.0,0.0,0.0,0.0,0.0,0.0,0.0,0.0,0
307,308,Heath,45,MID,Everton,0.0,0.0,0.0,0.0,0.0,0.0,0.0,0.0,0.0,0.0,0.0,0
308,309,Metcalfe,45,MID,Everton,0.0,0.0,0.0,0.0,0.0,0.0,0.0,0.0,0.0,0.0,0.0,0
309,310,Barry,57,FWD,Everton,1.0,2.0,1.0,1.0,1.0,1.0,1.0,1.0,1.0,0.0,2.0,2
310,311,Beto,51,FWD,Everton,2.0,0.0,7.0,2.0,1.0,2.0,1.0,2.0,2.0,1.0,1.0,1
311,312,Y.Chermiti,49,FWD,Everton,0.0,0.0,0.0,0.0,0.0,0.0,0.0,0.0,0.0,0.0,0.0,0
312,313,Sherif,44,FWD,Everton,0.0,0.0,0.0,0.0,0.0,0.0,0.0,0.0,0.0,0.0,0.0,0
313,314,Leno,50,GKP,Fulham,3.0,3.0,2.0,8.0,1.0,1.0,2.0,3.0,2.0,7.0,2.0,5
314,315,Benda,40,GKP,Fulham,0.0,0.0,0.0,0.0,0.0,0.0,0.0,0.0,0.0,0.0,0.0,0
315,316,Robinson,49,DEF,Fulham,0.0,1.0,1.0,0.0,0.0,1.0,0.0,0.0,0.0,0.0,0.0,0
316,317,Andersen,45,DEF,Fulham,2.0,4.0,3.0,10.0,4.0,3.0,3.0,1.0,0.0,6.0,3.0,10
317,318,Bassey,45,DEF,Fulham,1.0,2.0,1.0,9.0,4.0,0.0,1.0,1.0,1.0,6.0,2.0,9
318,319,Castagne,43,DEF,Fulham,1.0,2.0,0.0,0.0,0.0,3.0,1.0,2.0,1.0,0.0,0.0,1
319,320,Diop,43,DEF,Fulham,0.0,0.0,0.0,0.0,0.0,0.0,2.0,1.0,1.0,0.0,0.0,0
320,321,J.Cuenca,43,DEF,Fulham,2.0,0.0,0.0,0.0,1.0,0.0,0.0,4.0,0.0,0.0,0.0,0
321,322,Tete,45,DEF,Fulham,2.0,2.0,3.0,6.0,2.0,0.0,0.0,0.0,2.0,6.0,3.0,6
322,323,Amissah,39,DEF,Fulham,0.0,0.0,0.0,0.0,0.0,0.0,0.0,0.0,0.0,0.0,0.0,0
323,324,Iwobi,64,MID,Fulham,2.0,7.0,1.0,3.0,13.0,2.0,2.0,4.0,1.0,3.0,2.0,3
324,325,Smith Rowe,56,MID,Fulham,1.0,6.0,1.0,1.0,1.0,1.0,1.0,1.0,1.0,1.0,1.0,1
325,326,Adama,52,MID,Fulham,1.0,0.0,1.0,1.0,0.0,2.0,1.0,1.0,2.0,1.0,1.0,0
326,327,Andreas,53,MID,Fulham,0.0,0.0,0.0,0.0,0.0,0.0,0.0,0.0,0.0,0.0,0.0,0
327,328,Sessegnon,54,MID,Fulham,0.0,2.0,2.0,3.0,5.0,2.0,9.0,2.0,4.0,14.0,4.0,3
328,329,Wilson,52,MID,Fulham,5.0,1.0,1.0,1.0,9.0,1.0,3.0,2.0,0.0,10.0,1.0,2
329,330,Berge,49,MID,Fulham,2.0,2.0,2.0,4.0,2.0,2.0,2.0,2.0,2.0,5.0,2.0,3
330,331,Cairney,49,MID,Fulham,0.0,0.0,0.0,1.0,1.0,0.0,2.0,2.0,1.0,1.0,0.0,0
331,332,Lukić,50,MID,Fulham,2.0,3.0,1.0,6.0,1.0,4.0,1.0,0.0,9.0,0.0,0.0,0
332,333,Godo,45,MID,Fulham,0.0,0.0,0.0,0.0,0.0,0.0,0.0,0.0,0.0,0.0,0.0,0
333,334,Harris,45,MID,Fulham,0.0,0.0,0.0,0.0,0.0,0.0,0.0,0.0,0.0,0.0,0.0,0
334,335,King,45,MID,Fulham,2.0,2.0,2.0,1.0,1.0,1.0,3.0,2.0,1.0,3.0,1.0,3
335,336,Reed,43,MID,Fulham,0.0,0.0,0.0,0.0,0.0,0.0,0.0,0.0,0.0,0.0,0.0,1
336,337,Raúl,62,FWD,Fulham,2.0,1.0,1.0,1.0,1.0,6.0,0.0,2.0,5.0,5.0,1.0,6
337,338,Muniz,54,FWD,Fulham,7.0,0.0,1.0,2.0,5.0,0.0,0.0,0.0,0.0,1.0,1.0,0
338,339,Meslier,43,GKP,Leeds,0.0,0.0,0.0,0.0,0.0,0.0,0.0,0.0,0.0,0.0,0.0,0
339,340,Cairns,39,GKP,Leeds,0.0,0.0,0.0,0.0,0.0,0.0,0.0,0.0,0.0,0.0,0.0,0
340,341,Darlow,40,GKP,Leeds,0.0,0.0,0.0,3.0,3.0,2.0,1.0,1.0,0.0,0.0,0.0,0
341,342,Bogle,45,DEF,Leeds,6.0,-1.0,6.0,2.0,4.0,3.0,3.0,1.0,2.0,1.0,1.0,0
342,343,Struijk,44,DEF,Leeds,8.0,0.0,6.0,2.0,4.0,3.0,1.0,0.0,0.0,0.0,1.0,0
343,344,Bijol,39,DEF,Leeds,0.0,0.0,0.0,0.0,0.0,0.0,0.0,0.0,4.0,1.0,1.0,0
344,345,Bornauw,39,DEF,Leeds,0.0,0.0,0.0,0.0,0.0,0.0,0.0,0.0,0.0,0.0,0.0,0
345,346,Byram,39,DEF,Leeds,0.0,1.0,0.0,0.0,0.0,0.0,0.0,0.0,0.0,0.0,0.0,0
346,347,Gudmundsson,40,DEF,Leeds,9.0,-1.0,9.0,0.0,4.0,1.0,1.0,1.0,1.0,1.0,1.0,1
347,348,Rodon,41,DEF,Leeds,7.0,2.0,7.0,4.0,2.0,7.0,1.0,1.0,13.0,1.0,1.0,3
348,349,Schmidt,40,DEF,Leeds,0.0,0.0,0.0,0.0,0.0,0.0,0.0,0.0,0.0,0.0,0.0,0
349,350,Aaronson,54,MID,Leeds,1.0,1.0,1.0,5.0,2.0,4.0,5.0,2.0,11.0,2.0,7.0,2
350,351,Gnonto,52,MID,Leeds,3.0,2.0,0.0,1.0,0.0,0.0,0.0,0.0,0.0,0.0,0.0,0
351,352,Harrison,51,MID,Leeds,1.0,0.0,1.0,1.0,1.0,1.0,1.0,2.0,1.0,1.0,1.0,0
352,353,James,53,MID,Leeds,3.0,2.0,1.0,1.0,0.0,0.0,0.0,1.0,1.0,1.0,1.0,1
353,354,Ampadu,49,MID,Leeds,3.0,0.0,0.0,4.0,4.0,1.0,3.0,2.0,4.0,1.0,2.0,4
354,355,Greenwood,49,MID,Leeds,0.0,0.0,0.0,0.0,0.0,0.0,0.0,0.0,0.0,0.0,0.0,0
355,356,Gruev,48,MID,Leeds,1.0,2.0,3.0,0.0,1.0,0.0,0.0,0.0,0.0,0.0,0.0,0
356,357,Ramazani,49,MID,Leeds,0.0,0.0,0.0,0.0,0.0,0.0,0.0,0.0,0.0,0.0,0.0,0
357,358,Tanaka,48,MID,Leeds,3.0,1.0,0.0,0.0,1.0,1.0,1.0,1.0,3.0,2.0,0.0,2
358,359,Crew,45,MID,Leeds,0.0,0.0,0.0,0.0,0.0,0.0,0.0,0.0,0.0,0.0,0.0,0
359,360,Gelhardt,45,MID,Leeds,0.0,0.0,0.0,0.0,0.0,0.0,0.0,0.0,0.0,0.0,0.0,0
360,361,Gyabi,45,MID,Leeds,0.0,0.0,0.0,0.0,0.0,0.0,0.0,0.0,0.0,0.0,0.0,0
361,362,Piroe,50,FWD,Leeds,2.0,1.0,0.0,0.0,0.0,0.0,1.0,1.0,0.0,0.0,1.0,1
362,363,Bamford,49,FWD,Leeds,0.0,0.0,0.0,0.0,0.0,0.0,0.0,0.0,0.0,0.0,0.0,0
363,364,Mateo Joseph,50,FWD,Leeds,0.0,0.0,0.0,0.0,0.0,0.0,0.0,0.0,0.0,0.0,0.0,0
364,365,Nmecha,50,FWD,Leeds,5.0,1.0,2.0,1.0,1.0,1.0,1.0,1.0,1.0,1.0,8.0,8
365,366,A.Becker,54,GKP,Liverpool,1.0,1.0,8.0,6.0,2.0,2.0,0.0,0.0,0.0,0.0,0.0,2
366,367,Mamardashvili,43,GKP,Liverpool,0.0,0.0,0.0,0.0,0.0,0.0,2.0,1.0,2.0,7.0,7.0,0
367,368,Pécsi,39,GKP,Liverpool,0.0,0.0,0.0,0.0,0.0,0.0,0.0,0.0,0.0,0.0,0.0,0
368,369,Woodman,39,GKP,Liverpool,0.0,0.0,0.0,0.0,0.0,0.0,0.0,0.0,0.0,0.0,0.0,0
369,370,Frimpong,57,DEF,Liverpool,1.0,0.0,0.0,4.0,0.0,1.0,0.0,1.0,0.0,0.0,0.0,0
370,371,Kerkez,57,DEF,Liverpool,0.0,1.0,6.0,0.0,4.0,1.0,1.0,1.0,6.0,0.0,1.0,1
371,372,Robertson,58,DEF,Liverpool,0.0,0.0,0.0,1.0,0.0,0.0,1.0,0.0,1.0,8.0,0.0,1
372,373,Virgil,60,DEF,Liverpool,3.0,3.0,8.0,8.0,4.0,2.0,1.0,3.0,3.0,5.0,1.0,3
373,374,Konaté,54,DEF,Liverpool,1.0,0.0,6.0,9.0,4.0,3.0,1.0,3.0,3.0,8.0,1.0,0
374,375,Bradley,50,DEF,Liverpool,0.0,0.0,0.0,0.0,2.0,1.0,0.0,2.0,4.0,6.0,0.0,0
375,376,Gomez,49,DEF,Liverpool,1.0,0.0,1.0,0.0,0.0,0.0,0.0,0.0,1.0,0.0,1.0,0
376,377,Tsimikas,48,DEF,Liverpool,0.0,0.0,0.0,0.0,0.0,0.0,0.0,0.0,0.0,0.0,0.0,0
377,378,Nallo,38,DEF,Liverpool,0.0,0.0,0.0,0.0,0.0,0.0,0.0,0.0,0.0,0.0,0.0,0
378,379,R.Williams,38,DEF,Liverpool,0.0,0.0,0.0,0.0,0.0,0.0,0.0,0.0,0.0,0.0,0.0,0
379,380,Ramsay,38,DEF,Liverpool,0.0,0.0,0.0,0.0,0.0,0.0,0.0,0.0,0.0,0.0,0.0,0
380,381,M.Salah,142,MID,Liverpool,8.0,5.0,3.0,9.0,5.0,2.0,2.0,2.0,6.0,10.0,2.0,2
381,382,Wirtz,80,MID,Liverpool,2.0,2.0,3.0,3.0,0.0,2.0,1.0,1.0,2.0,1.0,2.0,0
382,383,Luis Díaz,80,MID,Liverpool,0.0,0.0,0.0,0.0,0.0,0.0,0.0,0.0,0.0,0.0,0.0,0
383,384,Gakpo,75,MID,Liverpool,7.0,10.0,3.0,3.0,2.0,1.0,7.0,7.0,2.0,3.0,1.0,2
384,385,Chiesa,64,MID,Liverpool,6.0,1.0,1.0,1.0,0.0,5.0,0.0,4.0,1.0,0.0,1.0,0
385,386,Mac Allister,63,MID,Liverpool,5.0,0.0,3.0,1.0,2.0,2.0,2.0,2.0,1.0,6.0,1.0,2
386,387,Szoboszlai,66,MID,Liverpool,2.0,2.0,13.0,3.0,1.0,5.0,1.0,4.0,10.0,2.0,1.0,2
387,388,C.Jones,54,MID,Liverpool,1.0,2.0,4.0,0.0,1.0,1.0,1.0,1.0,2.0,0.0,0.0,2
388,389,Elliott,53,MID,Aston Villa,0.0,1.0,0.0,1.0,1.0,1.0,0.0,0.0,0.0,0.0,0.0,0
389,390,Gravenberch,56,MID,Liverpool,0.0,7.0,2.0,3.0,15.0,8.0,2.0,2.0,0.0,11.0,2.0,1
390,391,Gannon-Doak,49,MID,Bournemouth,0.0,0.0,0.0,0.0,0.0,1.0,4.0,1.0,0.0,1.0,0.0,0
391,392,Endo,49,MID,Liverpool,4.0,1.0,0.0,0.0,0.0,0.0,1.0,0.0,0.0,0.0,0.0,0
392,393,Bajcetic,43,MID,Liverpool,0.0,0.0,0.0,0.0,0.0,0.0,0.0,0.0,0.0,0.0,0.0,0
393,394,McConnell,44,MID,Liverpool,0.0,0.0,0.0,0.0,0.0,0.0,0.0,0.0,0.0,0.0,0.0,0
394,395,Morton,45,MID,Liverpool,0.0,0.0,0.0,0.0,0.0,0.0,0.0,0.0,0.0,0.0,0.0,0
395,396,Nyoni,43,MID,Liverpool,0.0,0.0,0.0,0.0,0.0,0.0,0.0,0.0,0.0,0.0,0.0,0
396,397,Darwin,65,FWD,Liverpool,0.0,0.0,0.0,0.0,0.0,0.0,0.0,0.0,0.0,0.0,0.0,0
397,398,Danns,43,FWD,Liverpool,0.0,0.0,0.0,0.0,0.0,0.0,0.0,0.0,0.0,0.0,0.0,0
398,399,Ederson M.,53,GKP,Man City,0.0,0.0,0.0,0.0,0.0,0.0,0.0,0.0,0.0,0.0,0.0,0
399,400,Ortega Moreno,48,GKP,Man City,0.0,0.0,0.0,0.0,0.0,0.0,0.0,0.0,0.0,0.0,0.0,0
400,401,Bettinelli,40,GKP,Man City,0.0,0.0,0.0,0.0,0.0,0.0,0.0,0.0,0.0,0.0,0.0,0
401,402,Aït-Nouri,57,DEF,Man City,9.0,1.0,0.0,0.0,0.0,0.0,0.0,0.0,0.0,1.0,0.0,0
402,403,Gvardiol,58,DEF,Man City,0.0,0.0,0.0,6.0,4.0,2.0,12.0,0.0,2.0,2.0,6.0,1
403,404,Akanji,54,DEF,Man City,0.0,0.0,0.0,0.0,0.0,0.0,0.0,0.0,0.0,0.0,0.0,0
404,405,Aké,53,DEF,Man City,0.0,1.0,0.0,1.0,1.0,1.0,0.0,6.0,0.0,0.0,0.0,0
405,406,Khusanov,54,DEF,Man City,1.0,0.0,1.0,8.0,1.0,0.0,0.0,0.0,0.0,0.0,0.0,0
406,407,Matheus N.,53,DEF,Man City,1.0,0.0,2.0,0.0,1.0,12.0,5.0,7.0,2.0,2.0,13.0,1
407,408,Rúben,55,DEF,Man City,6.0,1.0,1.0,6.0,2.0,2.0,9.0,6.0,4.0,2.0,6.0,7
408,409,Stones,54,DEF,Man City,6.0,1.0,1.0,0.0,1.0,0.0,0.0,0.0,2.0,0.0,0.0,0
409,410,Lewis,48,DEF,Man City,11.0,1.0,1.0,0.0,0.0,1.0,0.0,1.0,0.0,0.0,0.0,0
410,411,O’Reilly,51,DEF,Man City,0.0,0.0,1.0,6.0,6.0,2.0,5.0,11.0,1.0,8.0,11.0,1
411,412,Vitor Reis,50,DEF,Man City,0.0,0.0,0.0,0.0,0.0,0.0,0.0,0.0,0.0,0.0,0.0,0
412,413,Marmoush,83,MID,Man City,1.0,1.0,7.0,0.0,0.0,0.0,0.0,0.0,1.0,1.0,1.0,1
413,414,Foden,80,MID,Man City,0.0,1.0,0.0,12.0,3.0,1.0,3.0,3.0,1.0,4.0,3.0,2
414,415,Savinho,69,MID,Man City,0.0,0.0,0.0,1.0,1.0,2.0,3.0,6.0,1.0,1.0,1.0,1
415,416,Bernardo,63,MID,Man City,3.0,1.0,2.0,6.0,1.0,1.0,1.0,1.0,2.0,2.0,5.0,1
416,417,Cherki,64,MID,Man City,6.0,1.0,0.0,0.0,0.0,0.0,0.0,1.0,1.0,10.0,1.0,7
417,418,Doku,66,MID,Man City,3.0,1.0,1.0,10.0,3.0,10.0,1.0,1.0,1.0,2.0,11.0,2
418,419,Grealish,67,MID,Everton,1.0,11.0,10.0,2.0,1.0,2.0,10.0,0.0,1.0,2.0,3.0,3
419,420,Gündoğan,63,MID,Man City,0.0,0.0,0.0,0.0,0.0,0.0,0.0,0.0,0.0,0.0,0.0,0
420,421,Rodrigo,63,MID,Man City,0.0,1.0,2.0,3.0,4.0,0.0,1.0,0.0,0.0,1.0,0.0,0
421,422,Kovačić,59,MID,Man City,0.0,0.0,0.0,0.0,0.0,0.0,0.0,1.0,0.0,0.0,0.0,0
422,423,N.Gonzalez,59,MID,Man City,3.0,1.0,0.0,1.0,1.0,2.0,3.0,5.0,0.0,4.0,8.0,2
423,424,Bobb,53,MID,Man City,6.0,2.0,2.0,1.0,0.0,1.0,3.0,1.0,2.0,0.0,0.0,0
424,425,Echeverri,54,MID,Man City,0.0,0.0,0.0,0.0,0.0,0.0,0.0,0.0,0.0,0.0,0.0,0
425,426,McAtee,51,MID,Nott'm Forest,0.0,1.0,1.0,1.0,0.0,1.0,0.0,0.0,0.0,0.0,0.0,0
426,427,Reijnders,54,MID,Man City,10.0,2.0,2.0,3.0,9.0,2.0,3.0,1.0,1.0,1.0,0.0,1
427,428,Nypan,50,MID,Man City,0.0,0.0,0.0,0.0,0.0,0.0,0.0,0.0,0.0,0.0,0.0,0
428,429,Phillips,48,MID,Man City,0.0,0.0,0.0,0.0,0.0,0.0,0.0,0.0,0.0,0.0,0.0,0
429,430,Haaland,149,FWD,Man City,13.0,2.0,9.0,13.0,9.0,16.0,8.0,13.0,2.0,13.0,4.0,2
430,431,Bayindir,48,GKP,Man Utd,2.0,2.0,1.0,2.0,2.0,2.0,0.0,0.0,0.0,0.0,0.0,0
431,432,Onana,49,GKP,Man Utd,0.0,0.0,0.0,0.0,0.0,0.0,0.0,0.0,0.0,0.0,0.0,0
432,433,Harrison,40,GKP,Man Utd,0.0,0.0,0.0,0.0,0.0,0.0,0.0,0.0,0.0,0.0,0.0,0
433,434,Heaton,39,GKP,Man Utd,0.0,0.0,0.0,0.0,0.0,0.0,0.0,0.0,0.0,0.0,0.0,0
434,435,Mee,39,GKP,Man Utd,0.0,0.0,0.0,0.0,0.0,0.0,0.0,0.0,0.0,0.0,0.0,0
435,436,De Ligt,50,DEF,Man Utd,4.0,7.0,1.0,1.0,2.0,3.0,8.0,2.0,1.0,1.0,9.0,2
436,437,Martinez,48,DEF,Man Utd,0.0,0.0,0.0,0.0,0.0,0.0,0.0,0.0,0.0,0.0,0.0,0
437,438,Mazraoui,49,DEF,Man Utd,0.0,0.0,1.0,1.0,7.0,0.0,0.0,0.0,0.0,0.0,1.0,1
438,439,D.Leon,42,DEF,Man Utd,0.0,0.0,0.0,0.0,0.0,0.0,0.0,0.0,0.0,0.0,0.0,0
439,440,Dalot,44,DEF,Man Utd,1.0,1.0,4.0,0.0,0.0,1.0,9.0,4.0,1.0,1.0,0.0,1
440,441,Dorgu,42,DEF,Man Utd,1.0,2.0,0.0,1.0,5.0,0.0,1.0,1.0,-1.0,1.0,5.0,1
441,442,Maguire,44,DEF,Man Utd,1.0,1.0,0.0,1.0,11.0,1.0,1.0,11.0,0.0,0.0,6.0,0
442,443,Shaw,45,DEF,Man Utd,2.0,2.0,1.0,1.0,2.0,1.0,6.0,2.0,9.0,1.0,1.0,2
443,444,Yoro,44,DEF,Man Utd,4.0,6.0,1.0,1.0,1.0,1.0,6.0,1.0,1.0,1.0,0.0,2
444,445,Amass,40,DEF,Man Utd,0.0,0.0,0.0,0.0,0.0,0.0,0.0,0.0,0.0,0.0,0.0,0
445,446,Fredricson,38,DEF,Man Utd,0.0,0.0,0.0,0.0,0.0,0.0,0.0,0.0,0.0,0.0,0.0,0
446,447,Heaven,38,DEF,Man Utd,0.0,1.0,0.0,0.0,0.0,0.0,0.0,0.0,3.0,0.0,0.0,0
447,448,Malacia,38,DEF,Man Utd,0.0,0.0,0.0,0.0,0.0,0.0,0.0,0.0,0.0,0.0,0.0,0
448,449,B.Fernandes,89,MID,Man Utd,2.0,2.0,10.0,2.0,10.0,-1.0,3.0,8.0,4.0,5.0,5.0,2
449,450,Cunha,79,MID,Man Utd,2.0,2.0,1.0,0.0,1.0,2.0,1.0,2.0,8.0,4.0,3.0,0
450,451,Rashford,70,MID,Man Utd,0.0,0.0,0.0,0.0,0.0,0.0,0.0,0.0,0.0,0.0,0.0,0
451,452,Amad,63,MID,Man Utd,1.0,1.0,5.0,2.0,2.0,0.0,3.0,3.0,3.0,9.0,8.0,2
452,453,Garnacho,64,MID,Chelsea,0.0,0.0,0.0,1.0,0.0,0.0,2.0,1.0,6.0,3.0,11.0,0
453,454,Antony,59,MID,Man Utd,0.0,0.0,0.0,0.0,0.0,0.0,0.0,0.0,0.0,0.0,0.0,0
454,455,Mount,59,MID,Man Utd,2.0,3.0,1.0,0.0,1.0,1.0,10.0,3.0,0.0,0.0,1.0,1
455,456,Sancho,58,MID,Aston Villa,0.0,0.0,0.0,0.0,1.0,0.0,0.0,0.0,1.0,1.0,1.0,1
456,457,Casemiro,55,MID,Man Utd,2.0,0.0,5.0,1.0,3.0,0.0,4.0,0.0,15.0,12.0,5.0,0
457,458,Mainoo,47,MID,Man Utd,0.0,0.0,1.0,1.0,1.0,1.0,1.0,1.0,1.0,0.0,0.0,1
458,459,Ugarte,47,MID,Man Utd,1.0,1.0,0.0,4.0,1.0,2.0,1.0,1.0,1.0,0.0,1.0,0
459,460,Collyer,45,MID,Man Utd,0.0,0.0,0.0,0.0,0.0,0.0,0.0,0.0,0.0,0.0,0.0,0
460,461,Fitzgerald,44,MID,Man Utd,0.0,0.0,0.0,0.0,0.0,0.0,0.0,0.0,0.0,0.0,0.0,0
461,462,J.Fletcher,43,MID,Man Utd,0.0,0.0,0.0,0.0,0.0,0.0,0.0,0.0,0.0,0.0,0.0,0
462,463,Kone,44,MID,Man Utd,0.0,0.0,0.0,0.0,0.0,0.0,0.0,0.0,0.0,0.0,0.0,0
463,464,Moorhouse,45,MID,Man Utd,0.0,0.0,0.0,0.0,0.0,0.0,0.0,0.0,0.0,0.0,0.0,0
464,465,Højlund,63,FWD,Man Utd,0.0,0.0,0.0,0.0,0.0,0.0,0.0,0.0,0.0,0.0,0.0,0
465,466,Zirkzee,58,FWD,Man Utd,0.0,0.0,1.0,1.0,0.0,1.0,0.0,0.0,1.0,0.0,0.0,2
466,467,Obi,43,FWD,Man Utd,0.0,0.0,0.0,0.0,0.0,0.0,0.0,0.0,0.0,0.0,0.0,0
467,468,Wheatley,45,FWD,Man Utd,0.0,0.0,0.0,0.0,0.0,0.0,0.0,0.0,0.0,0.0,0.0,0
468,469,Pope,52,GKP,Newcastle,9.0,4.0,5.0,8.0,6.0,2.0,7.0,2.0,3.0,3.0,3.0,3
469,470,Dúbravka,40,GKP,Burnley,2.0,6.0,2.0,3.0,4.0,1.0,2.0,9.0,2.0,2.0,2.0,2
470,471,Gillespie,39,GKP,Newcastle,0.0,0.0,0.0,0.0,0.0,0.0,0.0,0.0,0.0,0.0,0.0,0
471,472,Odysseas,40,GKP,Newcastle,0.0,0.0,0.0,0.0,0.0,0.0,0.0,0.0,0.0,0.0,0.0,0
472,473,Hall,52,DEF,Newcastle,0.0,1.0,1.0,0.0,7.0,0.0,0.0,0.0,0.0,0.0,0.0,2
473,474,Schär,53,DEF,Newcastle,8.0,1.0,6.0,8.0,0.0,0.0,0.0,0.0,1.0,1.0,0.0,4
474,475,Botman,49,DEF,Newcastle,0.0,0.0,8.0,1.0,8.0,3.0,6.0,1.0,2.0,-1.0,3.0,1
475,476,Burn,51,DEF,Newcastle,9.0,2.0,6.0,6.0,9.0,0.0,11.0,2.0,2.0,1.0,0.0,0
476,477,Livramento,49,DEF,Newcastle,9.0,4.0,6.0,6.0,6.0,6.0,0.0,0.0,0.0,0.0,0.0,2
477,478,Trippier,50,DEF,Newcastle,6.0,1.0,6.0,8.0,0.0,0.0,6.0,1.0,2.0,0.0,0.0,0
478,479,Krafth,43,DEF,Newcastle,0.0,0.0,0.0,0.0,0.0,0.0,0.0,0.0,0.0,0.0,0.0,0
479,480,Lascelles,43,DEF,Newcastle,0.0,0.0,0.0,0.0,1.0,0.0,0.0,0.0,0.0,0.0,0.0,0
480,481,A.Murphy,39,DEF,Newcastle,0.0,0.0,0.0,0.0,0.0,0.0,0.0,0.0,0.0,0.0,0.0,0
481,482,Ashby,39,DEF,Newcastle,0.0,0.0,0.0,0.0,0.0,0.0,0.0,0.0,0.0,0.0,0.0,0
482,483,Pivas,38,DEF,Newcastle,0.0,0.0,0.0,0.0,0.0,0.0,0.0,0.0,0.0,0.0,0.0,0
483,484,Targett,40,DEF,Newcastle,0.0,0.0,0.0,0.0,0.0,0.0,0.0,0.0,0.0,0.0,0.0,0
484,485,Gordon,72,MID,Newcastle,3.0,-2.0,0.0,0.0,0.0,3.0,3.0,2.0,2.0,1.0,0.0,0
485,486,Elanga,66,MID,Newcastle,3.0,2.0,1.0,1.0,1.0,1.0,3.0,1.0,1.0,1.0,1.0,1
486,487,Barnes,63,MID,Newcastle,3.0,2.0,1.0,3.0,1.0,1.0,1.0,1.0,1.0,1.0,9.0,15
487,488,Bruno G.,66,MID,Newcastle,3.0,6.0,3.0,2.0,0.0,2.0,14.0,2.0,10.0,4.0,4.0,10
488,489,J.Murphy,61,MID,Newcastle,1.0,0.0,3.0,6.0,3.0,3.0,1.0,1.0,8.0,8.0,2.0,2
489,490,Joelinton,59,MID,Newcastle,2.0,2.0,0.0,3.0,0.0,3.0,3.0,1.0,4.0,2.0,1.0,3
490,491,Tonali,54,MID,Newcastle,3.0,2.0,3.0,3.0,3.0,6.0,3.0,2.0,1.0,2.0,4.0,4
491,492,Antoñito C.,49,MID,Newcastle,0.0,0.0,0.0,0.0,0.0,0.0,0.0,0.0,0.0,0.0,0.0,0
492,493,Longstaff,49,MID,Leeds,1.0,1.0,5.0,2.0,2.0,15.0,2.0,2.0,6.0,1.0,1.0,2
493,494,Willock,50,MID,Newcastle,0.0,0.0,0.0,1.0,3.0,0.0,0.0,0.0,0.0,0.0,1.0,1
494,495,Hayden,45,MID,Newcastle,0.0,0.0,0.0,0.0,0.0,0.0,0.0,0.0,0.0,0.0,0.0,0
495,496,Kuol,44,MID,Newcastle,0.0,0.0,0.0,0.0,0.0,0.0,0.0,0.0,0.0,0.0,0.0,0
496,497,L.Miley,44,MID,Newcastle,1.0,1.0,1.0,0.0,3.0,0.0,1.0,4.0,2.0,0.0,1.0,0
497,498,White,45,MID,Newcastle,0.0,0.0,0.0,0.0,0.0,0.0,0.0,0.0,0.0,0.0,0.0,0
498,499,Isak,104,FWD,Liverpool,0.0,0.0,0.0,0.0,1.0,2.0,5.0,2.0,0.0,0.0,0.0,2
499,500,Osula,54,FWD,Newcastle,1.0,5.0,2.0,1.0,1.0,1.0,1.0,1.0,4.0,1.0,0.0,0
500,501,Neave,44,FWD,Newcastle,0.0,0.0,0.0,0.0,0.0,0.0,0.0,0.0,0.0,0.0,0.0,0
501,502,Sels,47,GKP,Nott'm Forest,2.0,2.0,2.0,1.0,3.0,2.0,3.0,2.0,2.0,2.0,2.0,7
502,503,C.Miguel,40,GKP,Nott'm Forest,0.0,0.0,0.0,0.0,0.0,0.0,0.0,0.0,0.0,0.0,0.0,0
503,504,Turner,40,GKP,Nott'm Forest,0.0,0.0,0.0,0.0,0.0,0.0,0.0,0.0,0.0,0.0,0.0,0
504,505,Milenković,52,DEF,Nott'm Forest,2.0,2.0,1.0,1.0,2.0,1.0,3.0,1.0,1.0,1.0,4.0,8
505,506,Murillo,53,DEF,Nott'm Forest,2.0,1.0,1.0,3.0,0.0,0.0,0.0,1.0,1.0,3.0,1.0,17
506,507,Aina,47,DEF,Nott'm Forest,4.0,1.0,1.0,0.0,0.0,0.0,0.0,0.0,0.0,0.0,0.0,0
507,508,N.Williams,47,DEF,Nott'm Forest,1.0,2.0,1.0,0.0,10.0,1.0,0.0,1.0,1.0,1.0,2.0,13
508,509,David Carmo,45,DEF,Nott'm Forest,0.0,0.0,0.0,0.0,0.0,0.0,0.0,0.0,0.0,0.0,0.0,0
509,510,Jair Cunha,43,DEF,Nott'm Forest,0.0,0.0,0.0,0.0,0.0,0.0,3.0,0.0,0.0,0.0,0.0,0
510,511,Morato,43,DEF,Nott'm Forest,0.0,0.0,0.0,1.0,1.0,2.0,3.0,0.0,0.0,0.0,1.0,0
511,512,O.Richards,45,DEF,Nott'm Forest,0.0,0.0,0.0,0.0,0.0,0.0,0.0,0.0,0.0,0.0,0.0,0
512,513,Abbott,39,DEF,Nott'm Forest,0.0,0.0,0.0,0.0,0.0,0.0,0.0,0.0,0.0,0.0,0.0,0
513,514,Boly,39,DEF,Nott'm Forest,0.0,0.0,0.0,0.0,0.0,0.0,0.0,0.0,0.0,0.0,0.0,0
514,515,Gibbs-White,73,MID,Nott'm Forest,5.0,2.0,2.0,2.0,2.0,1.0,4.0,2.0,2.0,8.0,10.0,8
515,516,Hudson-Odoi,57,MID,Nott'm Forest,2.0,10.0,2.0,1.0,1.0,1.0,1.0,1.0,1.0,2.0,0.0,1
516,517,Anderson,53,MID,Nott'm Forest,6.0,2.0,2.0,4.0,4.0,3.0,1.0,4.0,2.0,4.0,9.0,9
517,518,Jota,54,MID,Nott'm Forest,1.0,0.0,0.0,0.0,0.0,0.0,0.0,0.0,0.0,0.0,0.0,0
518,519,Dominguez,50,MID,Nott'm Forest,0.0,0.0,0.0,0.0,0.0,0.0,0.0,0.0,1.0,0.0,1.0,3
519,520,O'Brien,50,MID,Nott'm Forest,0.0,0.0,0.0,0.0,0.0,0.0,0.0,0.0,0.0,0.0,0.0,0
520,521,Sangaré,49,MID,Nott'm Forest,2.0,2.0,4.0,2.0,1.0,0.0,0.0,1.0,0.0,1.0,5.0,3
521,522,Yates,47,MID,Nott'm Forest,1.0,1.0,0.0,1.0,0.0,0.0,1.0,0.0,1.0,5.0,1.0,1
522,523,Da Silva Moreira,45,MID,Nott'm Forest,0.0,0.0,0.0,0.0,0.0,0.0,0.0,0.0,0.0,0.0,0.0,0
523,524,Stamenic,45,MID,Nott'm Forest,0.0,0.0,0.0,0.0,0.0,0.0,0.0,0.0,0.0,0.0,0.0,0
524,525,Wood,72,FWD,Nott'm Forest,13.0,2.0,2.0,1.0,2.0,2.0,2.0,1.0,0.0,0.0,0.0,0
525,526,Igor Jesus,58,FWD,Nott'm Forest,1.0,1.0,1.0,0.0,1.0,1.0,1.0,1.0,1.0,5.0,1.0,2
526,527,Awoniyi,52,FWD,Nott'm Forest,0.0,0.0,0.0,0.0,0.0,0.0,0.0,1.0,1.0,1.0,1.0,0
527,528,Patterson,43,GKP,Sunderland,0.0,0.0,0.0,0.0,0.0,0.0,0.0,0.0,0.0,0.0,0.0,0
528,529,Moore,39,GKP,Sunderland,0.0,0.0,0.0,0.0,0.0,0.0,0.0,0.0,0.0,0.0,0.0,0
529,530,Nna Noukeu,39,GKP,Sunderland,0.0,0.0,0.0,0.0,0.0,0.0,0.0,0.0,0.0,0.0,0.0,0
530,531,Ballard,46,DEF,Sunderland,17.0,1.0,0.0,0.0,1.0,1.0,3.0,10.0,2.0,4.0,10.0,1
531,532,Hume,45,DEF,Sunderland,6.0,1.0,2.0,6.0,4.0,6.0,1.0,11.0,2.0,1.0,1.0,1
532,533,Alese,40,DEF,Sunderland,0.0,0.0,0.0,0.0,0.0,0.0,0.0,0.0,0.0,0.0,0.0,0
533,534,Anderson,39,DEF,Sunderland,0.0,0.0,0.0,0.0,0.0,0.0,0.0,0.0,0.0,0.0,0.0,0
534,535,Cirkin,40,DEF,Sunderland,0.0,0.0,0.0,0.0,0.0,0.0,0.0,0.0,0.0,0.0,0.0,0
535,536,Hjelde,40,DEF,Sunderland,0.0,0.0,0.0,0.0,0.0,0.0,0.0,0.0,0.0,0.0,0.0,0
536,537,Huggins,40,DEF,Sunderland,0.0,0.0,0.0,0.0,0.0,0.0,0.0,0.0,0.0,0.0,0.0,0
537,538,Johnson,39,DEF,Sunderland,0.0,0.0,0.0,0.0,0.0,0.0,0.0,0.0,0.0,0.0,0.0,0
538,539,O'Nien,40,DEF,Sunderland,0.0,0.0,0.0,0.0,0.0,0.0,0.0,0.0,0.0,0.0,0.0,0
539,540,Pembele,39,DEF,Sunderland,0.0,0.0,0.0,0.0,0.0,0.0,0.0,0.0,0.0,0.0,0.0,0
540,541,Reinildo,40,DEF,Sunderland,6.0,3.0,1.0,6.0,-2.0,0.0,0.0,0.0,2.0,2.0,0.0,1
541,542,Seelt,40,DEF,Sunderland,1.0,1.0,0.0,0.0,0.0,0.0,0.0,0.0,0.0,0.0,0.0,0
542,543,Adingra,50,MID,Sunderland,6.0,1.0,1.0,3.0,0.0,1.0,1.0,0.0,0.0,0.0,1.0,1
543,544,Diarra,53,MID,Sunderland,3.0,2.0,4.0,3.0,0.0,0.0,0.0,0.0,0.0,0.0,0.0,0
544,545,Roberts,54,MID,Sunderland,0.0,1.0,0.0,0.0,0.0,0.0,0.0,0.0,0.0,0.0,0.0,0
545,546,Aleksić,49,MID,Sunderland,0.0,0.0,0.0,0.0,0.0,0.0,0.0,0.0,0.0,0.0,0.0,0
546,547,E.Le Fée,49,MID,Sunderland,1.0,1.0,11.0,0.0,2.0,3.0,2.0,5.0,1.0,6.0,2.0,2
547,548,Mundle,49,MID,Sunderland,0.0,0.0,0.0,0.0,0.0,0.0,0.0,0.0,0.0,0.0,0.0,0
548,549,Neil,48,MID,Sunderland,0.0,0.0,0.0,0.0,1.0,0.0,0.0,1.0,0.0,0.0,0.0,0
549,550,Poveda,48,MID,Sunderland,0.0,0.0,0.0,0.0,0.0,0.0,0.0,0.0,0.0,0.0,0.0,0
550,551,Rigg,48,MID,Sunderland,1.0,0.0,0.0,1.0,1.0,1.0,0.0,3.0,1.0,0.0,0.0,0
551,552,Sadiki,50,MID,Sunderland,3.0,2.0,2.0,3.0,1.0,2.0,1.0,3.0,2.0,3.0,4.0,2
552,553,Talbi,50,MID,Sunderland,6.0,2.0,3.0,3.0,2.0,3.0,1.0,4.0,8.0,1.0,1.0,1
553,554,Ba,43,MID,Sunderland,0.0,0.0,0.0,0.0,0.0,0.0,0.0,0.0,0.0,0.0,0.0,0
554,555,Browne,45,MID,Sunderland,0.0,0.0,0.0,0.0,0.0,0.0,0.0,0.0,0.0,0.0,0.0,0
555,556,Ekwah,45,MID,Sunderland,0.0,0.0,0.0,0.0,0.0,0.0,0.0,0.0,0.0,0.0,0.0,0
556,557,H.Jones,44,MID,Sunderland,0.0,0.0,0.0,0.0,0.0,0.0,0.0,0.0,0.0,0.0,0.0,0
557,558,Matete,44,MID,Sunderland,0.0,0.0,0.0,0.0,0.0,0.0,0.0,0.0,0.0,0.0,0.0,0
558,559,Triantis,44,MID,Sunderland,0.0,0.0,0.0,0.0,0.0,0.0,0.0,0.0,0.0,0.0,0.0,0
559,560,Isidor,56,FWD,Sunderland,5.0,1.0,8.0,2.0,9.0,2.0,1.0,2.0,7.0,2.0,2.0,2
560,561,Mayenda,53,FWD,Sunderland,8.0,2.0,2.0,0.0,1.0,0.0,1.0,1.0,0.0,0.0,1.0,1
561,562,Abdullahi,43,FWD,Sunderland,0.0,0.0,0.0,0.0,0.0,0.0,0.0,0.0,0.0,0.0,0.0,0
562,563,Luís Hemir,44,FWD,Sunderland,0.0,0.0,0.0,0.0,0.0,0.0,0.0,0.0,0.0,0.0,0.0,0
563,564,Rusyn,44,FWD,Sunderland,0.0,0.0,0.0,0.0,0.0,0.0,0.0,0.0,0.0,0.0,0.0,0
564,565,Vicario,50,GKP,Spurs,9.0,9.0,3.0,8.0,1.0,2.0,3.0,1.0,6.0,4.0,1.0,1
565,566,Austin,39,GKP,Spurs,0.0,0.0,0.0,0.0,0.0,0.0,0.0,0.0,0.0,0.0,0.0,0
566,567,Kinsky,39,GKP,Spurs,0.0,0.0,0.0,0.0,0.0,0.0,0.0,0.0,0.0,0.0,0.0,0
567,568,Pedro Porro,54,DEF,Spurs,6.0,5.0,4.0,6.0,1.0,1.0,7.0,1.0,11.0,2.0,2.0,0
568,569,Romero,50,DEF,Spurs,6.0,7.0,2.0,12.0,2.0,2.0,1.0,0.0,0.0,1.0,1.0,1
569,570,Danso,43,DEF,Spurs,0.0,1.0,0.0,1.0,0.0,0.0,1.0,0.0,9.0,0.0,0.0,0
570,571,Davies,43,DEF,Spurs,0.0,0.0,0.0,0.0,0.0,0.0,0.0,0.0,0.0,0.0,0.0,0
571,572,Dragusin,45,DEF,Spurs,0.0,0.0,0.0,0.0,0.0,0.0,0.0,0.0,0.0,0.0,0.0,0
572,573,Spence,45,DEF,Spurs,6.0,6.0,1.0,5.0,1.0,2.0,0.0,1.0,6.0,2.0,1.0,0
573,574,Udogie,44,DEF,Spurs,0.0,0.0,1.0,1.0,1.0,2.0,2.0,0.0,0.0,1.0,4.0,0
574,575,Van de Ven,48,DEF,Spurs,6.0,6.0,1.0,14.0,1.0,2.0,2.0,0.0,23.0,2.0,1.0,0
575,576,Phillips,40,DEF,Spurs,0.0,0.0,0.0,0.0,0.0,0.0,0.0,0.0,0.0,0.0,0.0,0
576,577,Takai,40,DEF,Spurs,0.0,0.0,0.0,0.0,0.0,0.0,0.0,0.0,0.0,0.0,0.0,0
577,578,Vuskovic,39,DEF,Spurs,0.0,0.0,0.0,0.0,0.0,0.0,0.0,0.0,0.0,0.0,0.0,0
578,579,Son,85,MID,Spurs,0.0,0.0,0.0,0.0,0.0,0.0,0.0,0.0,0.0,0.0,0.0,0
579,580,Johnson,66,MID,Spurs,8.0,9.0,1.0,1.0,1.0,1.0,1.0,1.0,3.0,1.0,1.0,1
580,581,Maddison,68,MID,Spurs,0.0,0.0,0.0,0.0,0.0,0.0,0.0,0.0,0.0,0.0,0.0,0
581,582,Kudus,65,MID,Spurs,10.0,3.0,2.0,3.0,7.0,2.0,12.0,2.0,3.0,1.0,0.0,2
582,583,Kulusevski,64,MID,Spurs,0.0,0.0,0.0,0.0,0.0,0.0,0.0,0.0,0.0,0.0,0.0,0
583,584,Tel,63,MID,Spurs,1.0,0.0,1.0,3.0,0.0,1.0,9.0,1.0,1.0,0.0,6.0,0
584,585,Bentancur,53,MID,Spurs,1.0,3.0,2.0,0.0,2.0,2.0,4.0,12.0,8.0,0.0,1.0,1
585,586,Bergvall,54,MID,Spurs,3.0,1.0,1.0,11.0,4.0,1.0,0.0,1.0,1.0,1.0,0.0,0
586,587,Bissouma,52,MID,Spurs,0.0,0.0,0.0,0.0,0.0,0.0,0.0,0.0,0.0,0.0,0.0,0
587,588,Odobert,53,MID,Spurs,1.0,1.0,1.0,1.0,2.0,1.0,2.0,2.0,0.0,1.0,7.0,2
588,589,Solomon,54,MID,Spurs,0.0,0.0,0.0,0.0,0.0,0.0,0.0,0.0,0.0,0.0,0.0,0
589,590,Bryan,49,MID,Spurs,0.0,0.0,0.0,0.0,0.0,0.0,0.0,0.0,0.0,0.0,0.0,0
590,591,Gray,48,MID,Spurs,3.0,0.0,0.0,0.0,1.0,0.0,0.0,0.0,0.0,0.0,0.0,0
591,592,Moore,50,MID,Spurs,0.0,0.0,0.0,0.0,0.0,0.0,0.0,0.0,0.0,0.0,0.0,0
592,593,P.M.Sarr,48,MID,Spurs,6.0,3.0,2.0,8.0,0.0,4.0,1.0,1.0,6.0,4.0,2.0,1
593,594,Min-hyeok,45,MID,Spurs,0.0,0.0,0.0,0.0,0.0,0.0,0.0,0.0,0.0,0.0,0.0,0
594,595,Olusesi,44,MID,Spurs,0.0,0.0,0.0,0.0,0.0,0.0,0.0,0.0,0.0,0.0,0.0,0
595,596,Solanke,72,FWD,Spurs,1.0,1.0,0.0,0.0,0.0,0.0,0.0,0.0,0.0,0.0,0.0,0
596,597,Richarlison,64,FWD,Spurs,13.0,4.0,2.0,1.0,9.0,2.0,1.0,1.0,4.0,1.0,6.0,6
597,598,Lankshear,45,FWD,Spurs,0.0,0.0,0.0,0.0,0.0,0.0,0.0,0.0,0.0,0.0,0.0,0
598,599,Scarlett,43,FWD,Spurs,0.0,0.0,0.0,0.0,0.0,0.0,0.0,0.0,0.0,0.0,0.0,0
599,600,Areola,43,GKP,West Ham,0.0,0.0,0.0,0.0,1.0,3.0,2.0,2.0,2.0,3.0,2.0,9
600,601,Foderingham,40,GKP,West Ham,0.0,0.0,0.0,0.0,0.0,0.0,0.0,0.0,0.0,0.0,0.0,0
601,602,Hegyi,39,GKP,West Ham,0.0,0.0,0.0,0.0,0.0,0.0,0.0,0.0,0.0,0.0,0.0,0
602,603,Diouf,43,DEF,West Ham,1.0,3.0,10.0,1.0,3.0,5.0,3.0,1.0,1.0,2.0,1.0,3
603,604,Emerson,44,DEF,West Ham,0.0,0.0,0.0,0.0,0.0,0.0,0.0,0.0,0.0,0.0,0.0,0
604,605,Kilman,43,DEF,West Ham,0.0,0.0,6.0,1.0,2.0,3.0,1.0,3.0,1.0,2.0,1.0,3
605,606,Mavropanos,44,DEF,West Ham,0.0,0.0,6.0,3.0,3.0,1.0,3.0,1.0,0.0,0.0,0.0,0
606,607,N.Aguerd,44,DEF,West Ham,1.0,2.0,0.0,0.0,0.0,0.0,0.0,0.0,0.0,0.0,0.0,0
607,608,Scarles,44,DEF,West Ham,0.0,0.0,0.0,0.0,0.0,0.0,0.0,1.0,0.0,0.0,0.0,0
608,609,Todibo,43,DEF,West Ham,1.0,0.0,0.0,0.0,0.0,0.0,0.0,1.0,0.0,4.0,1.0,5
609,610,Wan-Bissaka,42,DEF,West Ham,1.0,0.0,0.0,0.0,0.0,0.0,1.0,1.0,1.0,7.0,3.0,2
610,611,Casey,40,DEF,West Ham,0.0,0.0,0.0,0.0,0.0,0.0,0.0,0.0,0.0,0.0,0.0,0
611,612,L.Paquetá,59,MID,West Ham,2.0,9.0,10.0,2.0,1.0,4.0,1.0,2.0,1.0,9.0,4.0,0
612,613,Souček,57,MID,West Ham,1.0,2.0,3.0,-2.0,0.0,0.0,0.0,2.0,2.0,6.0,12.0,1
613,614,Ward-Prowse,56,MID,West Ham,2.0,2.0,3.0,2.0,2.0,0.0,0.0,0.0,0.0,0.0,0.0,0
614,615,Summerville,55,MID,West Ham,0.0,0.0,7.0,2.0,2.0,2.0,1.0,1.0,1.0,2.0,5.0,0
615,616,Álvarez,49,MID,West Ham,0.0,0.0,0.0,0.0,0.0,0.0,0.0,0.0,0.0,0.0,0.0,0
616,617,Cornet,49,MID,West Ham,0.0,0.0,0.0,0.0,0.0,0.0,0.0,0.0,0.0,0.0,0.0,0
617,618,G.Rodriguez,48,MID,West Ham,2.0,0.0,0.0,0.0,0.0,0.0,0.0,1.0,0.0,0.0,0.0,0
618,619,L.Guilherme,49,MID,West Ham,0.0,0.0,0.0,1.0,1.0,1.0,0.0,0.0,0.0,0.0,0.0,1
619,620,Earthy,45,MID,West Ham,0.0,0.0,0.0,0.0,0.0,0.0,0.0,0.0,0.0,0.0,0.0,0
620,621,Irving,44,MID,West Ham,1.0,0.0,1.0,1.0,0.0,1.0,0.0,2.0,2.0,0.0,0.0,0
621,622,Orford,44,MID,West Ham,0.0,0.0,0.0,0.0,0.0,0.0,0.0,0.0,0.0,0.0,0.0,0
622,623,Potts,44,MID,West Ham,0.0,1.0,0.0,0.0,0.0,1.0,1.0,0.0,1.0,2.0,4.0,2
623,624,Bowen,76,FWD,West Ham,2.0,2.0,9.0,2.0,9.0,9.0,2.0,2.0,5.0,2.0,2.0,4
624,625,Füllkrug,56,FWD,West Ham,2.0,1.0,2.0,0.0,1.0,2.0,2.0,0.0,0.0,0.0,0.0,1
625,626,Marshall,44,FWD,West Ham,0.0,0.0,0.0,0.0,0.0,0.0,1.0,1.0,0.0,0.0,0.0,0
626,627,Johnstone,45,GKP,Wolves,0.0,0.0,0.0,3.0,0.0,2.0,3.0,1.0,2.0,2.0,2.0,1
627,628,José Sá,43,GKP,Wolves,0.0,3.0,1.0,0.0,1.0,0.0,0.0,0.0,0.0,0.0,0.0,0
628,629,Bentley,40,GKP,Wolves,0.0,0.0,0.0,0.0,0.0,0.0,0.0,0.0,0.0,0.0,0.0,0
629,630,King,39,GKP,Everton,0.0,0.0,0.0,0.0,0.0,0.0,0.0,0.0,0.0,0.0,0.0,0
630,631,Agbadou,43,DEF,Wolves,0.0,4.0,1.0,4.0,3.0,1.0,1.0,0.0,0.0,-3.0,0.0,3
631,632,Doherty,44,DEF,Wolves,-1.0,1.0,0.0,0.0,0.0,0.0,0.0,2.0,0.0,0.0,0.0,0
632,633,H.Bueno,44,DEF,Wolves,1.0,0.0,1.0,4.0,1.0,2.0,8.0,1.0,1.0,1.0,1.0,1
633,634,Mosquera,43,DEF,Wolves,0.0,0.0,0.0,2.0,1.0,0.0,1.0,0.0,0.0,-3.0,0.0,0
634,635,R.Gomes,44,DEF,Wolves,1.0,0.0,7.0,2.0,0.0,0.0,0.0,2.0,1.0,0.0,0.0,0
635,636,S.Bueno,44,DEF,Wolves,0.0,1.0,3.0,0.0,0.0,12.0,1.0,1.0,4.0,2.0,1.0,0
636,637,Toti,43,DEF,Wolves,0.0,-2.0,3.0,2.0,1.0,1.0,0.0,0.0,0.0,0.0,1.0,3
637,638,Hoever,39,DEF,Wolves,1.0,1.0,0.0,0.0,0.0,0.0,0.0,1.0,1.0,1.0,0.0,0
638,639,Meupiyou,40,DEF,Wolves,0.0,0.0,0.0,0.0,0.0,0.0,0.0,0.0,0.0,0.0,0.0,0
639,640,Pedro Lima,40,DEF,Wolves,0.0,0.0,0.0,0.0,0.0,0.0,0.0,0.0,0.0,0.0,0.0,0
640,641,Pond,39,DEF,Wolves,0.0,0.0,0.0,0.0,0.0,0.0,0.0,0.0,0.0,0.0,0.0,0
641,642,Hee Chan,57,MID,Wolves,1.0,1.0,7.0,2.0,0.0,1.0,1.0,0.0,1.0,0.0,2.0,1
642,643,André,53,MID,Wolves,4.0,1.0,2.0,1.0,1.0,5.0,3.0,4.0,2.0,1.0,1.0,4
643,644,Bellegarde,52,MID,Wolves,2.0,1.0,1.0,1.0,1.0,1.0,1.0,0.0,1.0,2.0,2.0,1
644,645,Fer López,52,MID,Wolves,1.0,0.0,1.0,1.0,3.0,0.0,0.0,1.0,0.0,0.0,0.0,0
645,646,Gomes,53,MID,Wolves,2.0,1.0,2.0,3.0,4.0,2.0,4.0,2.0,1.0,1.0,2.0,3
646,647,Guedes,55,MID,Wolves,0.0,0.0,0.0,0.0,0.0,0.0,0.0,0.0,0.0,0.0,0.0,0
647,648,Munetsi,54,MID,Wolves,2.0,2.0,5.0,0.0,1.0,4.0,5.0,4.0,8.0,4.0,0.0,2
648,649,B.Traore,50,MID,Wolves,0.0,0.0,0.0,0.0,0.0,0.0,0.0,0.0,0.0,0.0,0.0,0
649,650,Chirewa,43,MID,Wolves,0.0,0.0,0.0,0.0,0.0,0.0,0.0,0.0,0.0,0.0,0.0,0
650,651,Edozie,43,MID,Wolves,0.0,0.0,0.0,0.0,0.0,0.0,0.0,0.0,0.0,0.0,0.0,0
651,652,Gonzalez,44,MID,Wolves,0.0,0.0,0.0,0.0,0.0,0.0,0.0,0.0,0.0,0.0,0.0,0
652,653,Hodge,45,MID,Wolves,0.0,0.0,0.0,0.0,0.0,0.0,0.0,0.0,0.0,0.0,0.0,0
653,654,Strand Larsen,63,FWD,Wolves,2.0,2.0,0.0,0.0,1.0,2.0,2.0,2.0,6.0,2.0,2.0,2
654,655,Fábio Silva,49,FWD,Wolves,0.0,0.0,0.0,0.0,0.0,0.0,0.0,0.0,0.0,0.0,0.0,0
655,656,Kalajdžić,49,FWD,Wolves,0.0,0.0,1.0,0.0,0.0,0.0,0.0,0.0,0.0,0.0,0.0,0
656,657,Chiwome,44,FWD,Wolves,0.0,0.0,0.0,0.0,0.0,0.0,0.0,0.0,0.0,0.0,0.0,0
657,658,Fraser,43,FWD,Wolves,0.0,0.0,0.0,0.0,0.0,0.0,0.0,0.0,0.0,0.0,0.0,0
658,659,Walker-Peters,43,DEF,West Ham,0.0,1.0,6.0,1.0,1.0,1.0,1.0,1.0,1.0,1.0,7.0,0
659,660,Stach,48,MID,Leeds,8.0,2.0,3.0,1.0,15.0,2.0,2.0,2.0,0.0,1.0,4.0,4
660,661,Ekitiké,85,FWD,Liverpool,11.0,9.0,2.0,2.0,8.0,0.0,1.0,1.0,2.0,2.0,1.0,1
661,662,Mosquera,54,DEF,Arsenal,0.0,1.0,2.0,7.0,1.0,1.0,0.0,0.0,1.0,0.0,1.0,1
662,663,J.Arias,50,MID,Wolves,1.0,1.0,2.0,1.0,1.0,5.0,3.0,2.0,2.0,1.0,0.0,1
663,664,Lecomte,39,GKP,Fulham,0.0,0.0,0.0,0.0,0.0,0.0,0.0,0.0,0.0,0.0,0.0,0
664,665,Perri,45,GKP,Leeds,6.0,0.0,6.0,0.0,0.0,0.0,0.0,0.0,1.0,2.0,2.0,1
665,666,Gyökeres,88,FWD,Arsenal,1.0,12.0,1.0,6.0,2.0,2.0,2.0,2.0,2.0,7.0,0.0,0
666,667,Aznou,43,DEF,Everton,0.0,0.0,0.0,0.0,0.0,0.0,0.0,0.0,0.0,0.0,0.0,0
667,668,Xhaka,52,MID,Sunderland,3.0,4.0,4.0,5.0,4.0,9.0,3.0,5.0,2.0,10.0,3.0,2
668,669,Ndoye,56,MID,Nott'm Forest,9.0,7.0,1.0,2.0,2.0,1.0,2.0,0.0,2.0,1.0,5.0,3
669,670,Roefs,47,GKP,Sunderland,8.0,1.0,8.0,10.0,2.0,10.0,2.0,7.0,4.0,2.0,2.0,3
670,671,Wilson,58,FWD,West Ham,1.0,1.0,7.0,1.0,1.0,0.0,0.0,0.0,2.0,2.0,7.0,12
671,672,Hato,47,DEF,Chelsea,0.0,0.0,0.0,0.0,0.0,2.0,1.0,0.0,0.0,0.0,0.0,0
672,673,J.Palhinha,55,MID,Spurs,1.0,11.0,1.0,3.0,4.0,9.0,1.0,9.0,5.0,4.0,3.0,8
673,674,Ramsdale,48,GKP,Newcastle,0.0,0.0,0.0,0.0,0.0,0.0,0.0,0.0,0.0,0.0,0.0,0
674,675,Gunn,40,GKP,Nott'm Forest,0.0,0.0,0.0,0.0,0.0,0.0,0.0,0.0,0.0,0.0,0.0,0
675,676,Ugochukwu,50,MID,Burnley,1.0,3.0,2.0,-1.0,0.0,1.0,7.0,10.0,2.0,2.0,5.0,2
676,677,Guessand,62,MID,Aston Villa,0.0,1.0,1.0,1.0,3.0,2.0,1.0,2.0,1.0,1.0,1.0,0
677,678,Masuaku,39,DEF,Sunderland,0.0,0.0,0.0,0.0,1.0,0.0,0.0,0.0,0.0,0.0,0.0,0
678,679,Hermansen,43,GKP,West Ham,1.0,0.0,7.0,1.0,0.0,0.0,0.0,0.0,0.0,0.0,0.0,0
679,680,Broja,52,FWD,Burnley,0.0,0.0,0.0,1.0,0.0,1.0,1.0,0.0,0.0,1.0,1.0,1
680,681,Šeško,72,FWD,Man Utd,1.0,1.0,1.0,2.0,1.0,8.0,9.0,1.0,4.0,2.0,1.0,0
681,682,Møller Wolfe,43,DEF,Wolves,1.0,1.0,4.0,0.0,0.0,0.0,1.0,0.0,1.0,0.0,0.0,1
682,683,Alderete,41,DEF,Sunderland,4.0,1.0,4.0,9.0,4.0,17.0,0.0,6.0,0.0,0.0,0.0,0
683,684,Thiaw,49,DEF,Newcastle,0.0,1.0,0.0,0.0,7.0,3.0,8.0,1.0,2.0,1.0,3.0,4
684,685,Diakité,45,DEF,Bournemouth,0.0,10.0,6.0,0.0,5.0,3.0,2.0,3.0,0.0,1.0,0.0,0
685,686,Ngumoha,44,MID,Liverpool,0.0,6.0,0.0,1.0,0.0,1.0,0.0,0.0,1.0,0.0,0.0,1
686,687,Rees-Dottin,44,MID,Bournemouth,0.0,0.0,0.0,0.0,0.0,0.0,0.0,0.0,0.0,0.0,0.0,0
687,688,Wright,40,GKP,Aston Villa,0.0,0.0,0.0,0.0,0.0,0.0,0.0,0.0,0.0,0.0,0.0,0
688,689,Seung soo,44,MID,Newcastle,0.0,0.0,0.0,0.0,0.0,0.0,0.0,0.0,0.0,0.0,0.0,0
689,690,Cardines,44,MID,Crystal Palace,0.0,0.0,0.0,0.0,0.0,0.0,0.0,0.0,0.0,0.0,0.0,0
690,691,Calvert-Lewin,55,FWD,Leeds,,0.0,1.0,2.0,11.0,2.0,2.0,2.0,2.0,2.0,1.0,1
691,692,Leoni,49,DEF,Liverpool,,0.0,0.0,0.0,0.0,0.0,0.0,0.0,0.0,0.0,0.0,0
692,693,Hutchinson,54,MID,Nott'm Forest,,1.0,1.0,0.0,0.0,1.0,1.0,0.0,1.0,0.0,8.0,4
693,694,Mukiele,42,DEF,Sunderland,,0.0,4.0,10.0,4.0,6.0,3.0,17.0,2.0,1.0,4.0,4
694,695,Tchatchoua,45,DEF,Wolves,,1.0,1.0,1.0,1.0,1.0,4.0,1.0,1.0,0.0,3.0,1
695,696,Kalimuendo,60,FWD,Nott'm Forest,,1.0,1.0,1.0,1.0,1.0,0.0,0.0,1.0,0.0,0.0,0
696,697,Adli,54,MID,Bournemouth,,1.0,1.0,1.0,1.0,1.0,0.0,1.0,1.0,0.0,1.0,1
697,698,Okafor,55,MID,Leeds,,1.0,0.0,2.0,8.0,2.0,8.0,0.0,4.0,2.0,2.0,2
698,699,Douglas Luiz,50,MID,Nott'm Forest,,0.0,0.0,0.0,5.0,0.0,0.0,1.0,0.0,1.0,0.0,0
699,700,Dowman,43,MID,Arsenal,,4.0,1.0,0.0,0.0,0.0,0.0,0.0,0.0,0.0,0.0,0
700,701,Rowe,40,DEF,Aston Villa,,0.0,0.0,0.0,0.0,0.0,0.0,0.0,0.0,0.0,0.0,0
701,702,Burrowes,44,MID,Aston Villa,,0.0,1.0,0.0,0.0,0.0,0.0,0.0,0.0,0.0,0.0,0
702,703,Proctor,40,GKP,Aston Villa,,0.0,0.0,0.0,0.0,0.0,0.0,0.0,0.0,0.0,0.0,0
703,704,Onyango,45,MID,Everton,,0.0,0.0,0.0,0.0,0.0,0.0,0.0,0.0,0.0,0.0,0
704,705,Campbell,39,DEF,Everton,,0.0,0.0,0.0,0.0,0.0,0.0,0.0,0.0,0.0,0.0,0
705,706,Justin,39,DEF,Leeds,,,1.0,0.0,1.0,0.0,1.0,0.0,0.0,1.0,0.0,0
706,707,Dibling,54,MID,Everton,,,0.0,0.0,1.0,1.0,1.0,0.0,0.0,0.0,0.0,0
707,708,M.Fernandes,55,MID,West Ham,,,3.0,2.0,2.0,2.0,4.0,1.0,6.0,7.0,1.0,4
708,709,Krejčí,45,DEF,Wolves,,,0.0,1.0,7.0,2.0,2.0,-1.0,4.0,1.0,1.0,1
709,710,Patterson,39,DEF,Aston Villa,,,0.0,0.0,0.0,0.0,0.0,0.0,0.0,0.0,0.0,0
710,711,Harriman-Annous,45,MID,Arsenal,,,0.0,0.0,0.0,0.0,0.0,0.0,0.0,0.0,0.0,0
711,712,Yeremy,58,MID,Crystal Palace,,,1.0,3.0,1.0,3.0,1.0,1.0,1.0,3.0,1.0,8
712,713,A.Jimenez,45,DEF,Bournemouth,,,,0.0,0.0,0.0,1.0,1.0,6.0,1.0,-1.0,1
713,714,Woltemade,74,FWD,Newcastle,,,,9.0,2.0,7.0,6.0,8.0,2.0,1.0,5.0,2
714,715,John,40,GKP,Nott'm Forest,,,,0.0,0.0,0.0,0.0,0.0,0.0,0.0,0.0,0
715,716,Savona,45,DEF,Nott'm Forest,,,,0.0,0.0,0.0,1.0,1.0,1.0,7.0,2.0,12
716,717,Xavi,66,MID,Spurs,,,,6.0,1.0,1.0,2.0,2.0,3.0,3.0,2.0,1
717,718,S.Magassa,50,MID,West Ham,,,,1.0,1.0,0.0,2.0,0.0,1.0,0.0,1.0,0
718,719,Lindelöf,45,DEF,Aston Villa,,,,1.0,0.0,1.0,1.0,0.0,0.0,0.0,0.0,0
719,720,Tolu,55,FWD,Wolves,,,,2.0,2.0,1.0,1.0,1.0,1.0,1.0,0.0,1
720,721,Milosavljević,45,DEF,Bournemouth,,,,4.0,0.0,0.0,1.0,0.0,6.0,0.0,2.0,0
721,722,Florentino,50,MID,Burnley,,,,1.0,3.0,4.0,4.0,8.0,2.0,2.0,4.0,2
722,723,Canvot,45,DEF,Crystal Palace,,,,0.0,0.0,0.0,0.0,0.0,0.0,1.0,10.0,1
723,724,Geertruida,45,DEF,Sunderland,,,,1.0,1.0,1.0,1.0,1.0,2.0,2.0,1.0,2
724,725,Hincapie,54,DEF,Arsenal,,,,0.0,0.0,0.0,0.0,0.0,1.0,1.0,0.0,2
725,726,Kolo Muani,69,FWD,Spurs,,,,0.0,0.0,0.0,0.0,1.0,2.0,2.0,1.0,1
726,727,Chukwueze,53,MID,Fulham,,,,0.0,0.0,1.0,4.0,0.0,0.0,1.0,1.0,4
727,728,Röhl,50,MID,Everton,,,,1.0,0.0,0.0,0.0,1.0,1.0,0.0,1.0,0
728,729,Cuiabano,45,DEF,Nott'm Forest,,,,0.0,0.0,0.0,0.0,0.0,0.0,0.0,0.0,0
729,730,Brobbey,55,FWD,Sunderland,,,,1.0,0.0,1.0,1.0,0.0,4.0,1.0,5.0,1
730,731,Kevin,59,MID,Fulham,,,,1.0,0.0,1.0,1.0,1.0,1.0,3.0,2.0,3
731,732,Uche,55,FWD,Crystal Palace,,,,1.0,0.0,0.0,1.0,0.0,1.0,0.0,0.0,0
732,733,Lammens,50,GKP,Man Utd,,,,0.0,0.0,0.0,9.0,3.0,2.0,1.0,1.0,2
733,734,Bakwa,59,MID,Nott'm Forest,,,,1.0,1.0,2.0,1.0,0.0,0.0,0.0,0.0,0
734,735,Traoré,55,MID,Sunderland,,,,0.0,0.0,1.0,0.0,3.0,5.0,2.0,2.0,3
735,736,Donnarumma,57,GKP,Man City,,,,6.0,1.0,2.0,6.0,6.0,2.0,2.0,6.0,1
736,737,Kusi-Asare,45,FWD,Fulham,,,,0.0,0.0,0.0,0.0,0.0,1.0,0.0,0.0,0
737,738,Fabianski,45,GKP,West Ham,,,,0.0,0.0,0.0,0.0,0.0,0.0,0.0,0.0,0
738,739,Mukasa,45,MID,Man City,,,,0.0,0.0,0.0,0.0,0.0,0.0,0.0,0.0,0
739,740,Mfuni,40,DEF,Man City,,,,0.0,0.0,0.0,0.0,0.0,0.0,0.0,0.0,0
740,741,Gray,45,FWD,Leeds,,,,,0.0,0.0,0.0,0.0,0.0,0.0,0.0,0
741,742,McAidoo,45,MID,Man City,,,,,,0.0,0.0,0.0,0.0,0.0,0.0,0
742,743,Emenalo,45,MID,Chelsea,,,,,,,0.0,0.0,0.0,0.0,0.0,0
743,744,Oriola,45,MID,Brighton,,,,,,,,0.0,0.0,1.0,0.0,0
744,745,Byfield,40,DEF,Spurs,,,,,,,,0.0,0.0,0.0,0.0,0
745,746,Morrison,45,MID,Liverpool,,,,,,,,,0.0,0.0,0.0,0
746,747,Mayers,40,DEF,West Ham,,,,,,,,,,0.0,0.0,0
747,748,Dasilva,50,MID,Brentford,,,,,,,,,,,0.0,0
748,749,Mané,45,FWD,Wolves,,,,,,,,,,,1.0,0
749,750,Rowswell,40,DEF,Spurs,,,,,,,,,,,0.0,0
750,751,Akhamrich,45,MID,Spurs,,,,,,,,,,,0.0,0
751,752,Golambeckis,40,DEF,West Ham,,,,,,,,,,,0.0,0
752,753,Ruddy,40,GKP,Newcastle,,,,,,,,,,,,0
753,754,George Hemmings,45,MID,Aston Villa,,,,,,,,,,,,0
754,755,Lacey,45,MID,Man Utd,,,,,,,,,,,,0
